Inventory	Sales
100	97
97	91
91	90
90	87
87	87
96	85
86	86
95	87
87	82
82	81
81	81
89	83
83	83
91	79
82	78
78	78
86	81
81	74
74	74
81	81
89	89
98	98
108	108
119	119
131	125
125	115
115	115
127	113
114	108
108	103
103	103
113	106
106	106
117	117
129	129
142	137
137	137
151	151
166	166
183	183
201	201
221	209
209	209
230	213
213	213
234	224
224	224
246	218
221	220
220	214
214	213
213	213
234	200
211	184
190	163
171	166
166	165
165	161
161	161
177	163
163	161
161	157
157	150
150	142
142	140
140	140
154	149
149	141
141	141
155	155
171	171
188	174
174	174
191	174
174	174
191	171
172	172
189	165
170	148
153	153
168	148
151	145
145	145
160	149
149	142
142	128
128	115
115	111
111	110
110	110
121	105
109	101
101	99
99	99
109	93
98	93
93	91
91	86
86	86
95	83
86	80
80	80
88	85
85	81
81	81
89	80
80	79
79	79
87	76
78	78
86	75
77	77
85	76
77	71
71	71
78	78
86	86
95	92
92	92
101	91
91	84
84	84
92	92
101	101
111	100
100	94
94	86
86	86
95	93
93	93
102	92
92	92
101	93
93	93
102	102
112	108
108	108
119	119
131	131
144	138
138	138
152	138
138	135
135	135
149	138
138	138
152	139
139	131
131	131
144	136
136	132
132	128
128	126
126	126
139	121
125	124
124	124
136	119
122	120
120	113
113	113
124	124
136	130
130	130
143	134
134	134
147	147
162	153
153	146
146	146
161	145
145	145
160	150
150	150
165	151
151	144
144	141
141	141
155	135
140	133
133	124
124	124
136	120
122	115
115	113
113	113
124	110
112	112
123	110
111	105
105	105
116	102
104	95
95	94
94	94
103	90
93	92
92	87
87	86
86	82
82	82
90	83
83	81
81	80
80	80
88	82
82	79
79	79
87	80
80	80
88	80
80	80
88	88
97	97
107	102
102	102
112	96
101	101
111	111
122	122
134	117
121	117
117	116
116	113
113	113
124	124
136	136
150	150
165	165
182	182
200	200
220	220
242	242
266	266
293	272
272	266
266	266
293	288
288	267
267	267
294	273
273	272
272	260
260	245
245	234
234	223
223	217
217	217
239	233
233	233
256	251
251	251
276	252
252	246
246	246
271	247
247	247
272	253
253	253
278	278
306	271
275	259
259	259
285	268
268	260
260	260
286	252
257	257
283	236
255	212
230	186
207	180
186	167
167	165
165	164
164	154
154	152
152	152
167	139
150	137
137	130
130	130
143	128
129	125
125	115
115	110
110	108
108	106
106	99
99	95
95	95
105	94
95	95
105	93
95	92
92	92
101	90
91	88
88	86
86	86
95	83
86	84
84	84
92	87
87	84
84	84
92	82
83	83
91	84
84	81
81	81
89	88
88	86
86	86
95	95
105	105
116	116
128	125
125	120
120	120
132	114
119	119
131	131
144	144
158	158
174	174
191	191
210	210
231	231
254	254
279	279
307	288
288	288
317	305
305	305
336	305
305	303
303	295
295	264
266	253
253	253
278	230
250	226
226	225
225	225
248	248
273	267
267	267
294	268
268	268
295	273
273	267
267	267
294	282
282	278
278	278
306	283
283	283
311	295
295	295
325	289
293	287
287	287
316	272
284	259
259	222
233	210
210	195
195	193
193	176
176	176
194	171
175	155
158	151
151	150
150	135
135	133
133	127
127	127
140	123
126	112
113	105
105	101
101	95
95	92
92	91
91	89
89	89
98	90
90	89
89	87
87	87
96	88
88	87
87	85
85	85
94	83
85	85
94	81
85	85
94	81
85	85
94	80
85	85
94	94
103	102
102	102
112	100
101	94
94	94
103	103
113	113
124	119
119	116
116	115
115	109
109	109
120	120
132	132
145	145
160	160
176	176
194	194
213	213
234	234
257	257
283	283
311	296
296	295
295	295
325	310
310	310
341	306
307	307
338	302
304	292
292	265
265	263
263	243
243	243
267	255
255	255
281	281
309	299
299	299
329	297
297	297
327	298
298	295
295	295
325	298
298	298
328	306
306	300
300	300
330	294
297	297
327	295
295	288
288	275
275	253
253	237
237	212
213	202
202	187
187	176
176	176
194	163
175	150
158	140
142	128
128	128
141	125
127	127
140	123
126	116
116	109
109	107
107	106
106	101
101	101
111	100
100	100
110	94
99	91
91	90
90	87
87	87
96	93
93	91
91	89
89	83
83	83
91	90
90	90
99	86
89	88
88	88
97	89
89	89
98	98
108	107
107	107
118	101
106	97
97	97
107	107
118	118
130	124
124	120
120	118
118	116
116	116
128	128
141	141
155	155
171	171
188	188
207	207
228	228
251	251
276	269
269	269
296	256
266	266
293	268
268	268
295	288
288	265
265	249
249	246
246	240
240	219
219	204
204	204
224	224
246	227
227	227
250	250
275	243
248	244
244	244
268	260
260	257
257	257
283	264
264	257
257	257
283	259
259	259
285	267
267	267
294	265
265	257
257	254
254	242
242	237
237	212
213	182
192	189
189	189
208	184
187	180
180	172
172	165
165	155
155	137
140	137
137	133
133	129
129	127
127	121
121	113
113	108
108	101
101	97
97	94
94	93
93	93
102	92
92	92
101	89
91	91
100	90
90	90
99	88
89	87
87	87
96	85
86	86
95	89
89	85
85	82
82	82
90	86
86	86
95	95
105	105
116	106
106	104
104	98
98	98
108	108
119	118
118	118
130	118
118	118
130	114
117	117
129	129
142	142
156	156
172	172
189	189
208	208
229	229
252	251
251	251
276	272
272	272
299	280
280	280
308	305
305	283
283	283
311	303
303	285
285	251
257	232
232	223
223	223
245	245
270	250
250	250
275	275
303	282
282	282
310	283
283	271
271	271
298	280
280	265
265	265
292	283
283	279
279	279
307	275
276	271
271	267
267	261
261	261
287	273
273	250
250	219
225	194
203	198
198	187
187	187
206	180
185	175
175	163
163	149
149	143
143	138
138	131
131	124
124	123
123	118
118	113
113	104
104	102
102	102
112	101
101	99
99	99
109	96
98	94
94	90
90	87
87	86
86	86
95	85
86	83
83	83
91	79
82	82
90	84
84	84
92	79
83	79
79	79
87	87
96	96
106	106
117	117
129	128
128	117
117	114
114	114
125	109
113	113
124	112
112	112
123	114
114	114
125	125
138	138
152	152
167	167
184	184
202	202
222	222
244	240
240	240
264	240
240	240
264	246
246	246
271	239
244	244
268	247
247	247
272	251
251	231
231	231
254	199
229	188
206	182
185	171
171	167
167	157
157	157
173	163
163	163
179	157
161	156
156	154
154	149
149	146
146	146
161	153
153	153
168	161
161	161
177	177
195	177
177	176
176	173
173	173
190	161
171	165
165	165
182	167
167	159
159	152
152	143
143	138
138	126
126	126
139	128
128	119
119	117
117	117
129	121
121	120
120	109
109	104
104	103
103	101
101	101
111	99
100	96
96	96
106	89
95	89
89	85
85	85
94	79
85	83
83	81
81	81
89	86
86	80
80	80
88	79
79	77
77	77
85	85
94	94
103	99
99	99
109	91
98	97
97	97
107	103
103	103
113	110
110	102
102	97
97	97
107	99
99	99
109	96
98	91
91	91
100	100
110	110
121	115
115	115
127	127
140	135
135	135
149	149
164	150
150	140
140	140
154	151
151	143
143	143
157	133
141	121
127	121
121	118
118	118
130	114
117	117
129	117
117	113
113	113
124	107
112	106
106	106
117	112
112	112
123	121
121	120
120	120
132	131
131	131
144	130
130	128
128	128
141	137
137	137
151	132
136	130
130	127
127	127
140	134
134	125
125	120
120	115
115	115
127	112
114	114
125	115
115	106
106	104
104	104
114	108
108	104
104	102
102	97
97	97
107	97
97	97
107	93
96	90
90	82
82	82
90	83
83	79
79	79
87	81
81	78
78	78
86	80
80	80
88	82
82	82
90	82
82	81
81	80
80	80
88	85
85	83
83	80
80	78
78	78
86	86
95	95
105	105
116	116
128	121
121	113
113	113
124	114
114	114
125	125
138	138
152	152
167	167
184	184
202	202
222	222
244	239
239	237
237	237
261	237
237	237
261	252
252	244
244	244
268	252
252	240
240	215
216	212
212	212
233	203
210	203
203	203
223	223
245	232
232	228
228	228
251	247
247	247
272	250
250	243
243	243
267	257
257	257
283	251
255	243
243	243
267	249
249	249
274	257
257	256
256	242
242	231
231	209
209	199
199	182
182	176
176	160
160	152
152	152
167	144
150	138
138	134
134	134
147	132
132	125
125	125
138	121
124	122
122	113
113	106
106	104
104	103
103	96
96	96
106	89
95	88
88	88
97	87
87	87
96	87
87	86
86	83
83	83
91	85
85	85
94	84
85	85
94	80
85	83
83	83
91	91
100	100
110	109
109	103
103	93
93	90
90	90
99	99
109	109
120	108
108	108
119	109
109	109
120	120
132	132
145	145
160	160
176	176
194	194
213	213
234	234
257	257
283	275
275	269
269	269
296	288
288	288
317	288
288	282
282	282
310	283
283	272
272	239
245	227
227	218
218	215
215	215
237	223
223	223
245	237
237	237
261	248
248	248
273	255
255	251
251	246
246	246
271	265
265	264
264	252
252	252
277	277
305	272
275	257
257	257
283	259
259	255
255	247
247	244
244	212
220	210
210	195
195	184
184	180
180	176
176	168
168	148
151	140
140	134
134	134
147	133
133	132
132	124
124	122
122	108
110	110
121	104
109	99
99	90
90	89
89	89
98	89
89	89
98	93
93	84
84	84
92	88
88	88
97	87
87	85
85	85
94	87
87	87
96	87
87	87
96	82
86	86
95	95
105	103
103	101
101	95
95	92
92	92
101	101
111	111
122	117
117	116
116	110
110	110
121	115
115	115
127	127
140	140
154	154
169	169
186	186
205	205
226	226
249	249
274	274
301	285
285	282
282	282
310	282
282	280
280	276
276	270
270	253
253	239
239	238
238	228
228	214
214	214
235	233
233	233
256	239
239	239
263	237
237	237
261	239
239	239
263	237
237	237
261	241
241	241
265	258
258	258
284	271
271	265
265	265
292	281
281	274
274	266
266	252
252	222
227	203
204	196
196	181
181	171
171	171
188	160
169	150
152	138
138	137
137	128
128	122
122	121
121	121
133	120
120	117
117	112
112	107
107	104
104	102
102	96
96	90
90	88
88	87
87	85
85	85
94	88
88	87
87	86
86	83
83	83
91	86
86	86
95	87
87	86
86	81
81	81
89	83
83	83
91	91
100	100
110	102
102	95
95	92
92	92
101	101
111	111
122	107
110	110
121	112
112	112
123	115
115	115
127	127
140	140
154	154
169	169
186	186
205	205
226	226
249	249
274	256
256	256
282	275
275	275
303	277
277	277
305	296
296	286
286	267
267	253
253	228
228	228
251	220
226	226
249	218
224	224
246	235
235	235
259	252
252	252
277	256
256	246
246	246
271	257
257	257
283	255
255	255
281	255
255	255
281	260
260	254
254	254
279	256
256	241
241	232
232	218
218	193
196	192
192	182
182	171
171	159
159	159
175	150
158	142
142	130
130	124
124	124
136	115
122	115
115	115
127	116
116	106
106	102
102	98
98	94
94	94
103	90
93	93
102	91
92	85
85	84
84	84
92	84
84	84
92	83
83	80
80	79
79	79
87	82
82	80
80	80
88	82
82	82
90	81
81	79
79	79
87	82
82	82
90	80
81	81
89	89
98	98
108	108
119	119
131	118
118	118
130	116
117	117
129	129
142	142
156	156
172	172
189	189
208	208
229	229
252	252
277	268
268	268
295	278
278	268
268	268
295	270
270	270
297	267
267	267
294	219
265	212
239	216
216	200
200	200
220	220
242	242
266	247
247	243
243	235
235	233
233	232
232	232
255	241
241	241
265	260
260	253
253	253
278	256
256	246
246	246
271	259
259	255
255	246
246	240
240	240
264	214
238	200
214	190
193	179
179	178
178	178
196	172
176	151
158	148
148	145
145	136
136	129
129	129
142	132
132	129
129	126
126	117
117	116
116	116
128	105
115	100
104	95
95	95
105	91
95	91
91	91
100	90
90	90
99	90
90	90
99	91
91	84
84	84
92	84
84	84
92	83
83	82
82	82
90	90
99	99
109	109
120	118
118	118
130	117
117	117
129	109
116	115
115	115
127	106
114	110
110	110
121	121
133	133
146	143
143	143
157	157
173	173
190	190
209	209
230	230
253	253
278	265
265	262
262	257
257	257
283	263
263	263
289	269
269	262
262	262
288	245
259	229
233	195
210	187
189	179
179	165
165	153
153	153
168	153
153	153
168	167
167	167
184	176
176	158
158	155
155	144
144	144
158	158
174	150
157	157
173	158
158	158
174	156
157	157
173	167
167	161
161	159
159	159
175	164
164	164
180	174
174	158
158	149
149	149
164	141
148	136
136	131
131	129
129	129
142	121
128	118
118	118
130	116
117	113
113	113
124	111
112	106
106	102
102	98
98	98
108	92
97	94
94	93
93	91
91	88
88	86
86	86
95	86
86	85
85	84
84	82
82	82
90	82
82	82
90	83
83	82
82	79
79	79
87	81
81	81
89	89
98	98
108	108
119	115
115	112
112	105
105	98
98	94
94	94
103	100
100	100
110	108
108	108
119	119
131	123
123	123
135	123
123	118
118	118
130	130
143	143
157	157
173	155
156	156
172	156
156	155
155	153
153	151
151	145
145	138
138	134
134	127
127	127
140	132
132	130
130	130
143	128
129	129
142	120
128	120
120	120
132	119
119	119
131	117
118	118
130	129
129	129
142	142
156	141
141	140
140	140
154	138
139	139
153	144
144	137
137	134
134	122
122	122
134	121
121	115
115	115
127	116
116	116
128	117
117	113
113	108
108	108
119	109
109	107
107	107
118	103
106	103
103	98
98	97
97	91
91	86
86	85
85	85
94	83
85	84
84	81
81	81
89	85
85	84
84	84
92	92
101	101
111	100
100	99
99	91
91	88
88	85
85	85
94	87
87	87
96	89
89	89
98	98
108	108
119	111
111	109
109	107
107	105
105	105
116	116
128	128
141	141
155	155
171	171
188	188
207	207
228	228
251	251
276	276
304	304
334	296
301	296
296	292
292	292
321	312
312	312
343	314
314	271
283	258
258	245
245	235
235	235
259	248
248	248
273	251
251	251
276	261
261	254
254	254
279	259
259	259
285	278
278	263
263	263
289	271
271	271
298	265
268	251
251	251
276	264
264	252
252	244
244	231
231	215
215	198
198	178
178	177
177	175
175	168
168	156
156	156
172	163
163	145
147	147
162	134
146	132
132	132
145	130
131	121
121	109
109	99
99	96
96	93
93	91
91	87
87	87
96	93
93	93
102	89
92	87
87	87
96	88
88	87
87	87
96	83
86	81
81	81
89	89
98	98
108	98
98	91
91	90
90	87
87	86
86	86
95	86
86	84
84	84
92	92
101	101
111	111
122	109
110	101
101	101
111	111
122	122
134	134
147	147
162	162
178	178
196	196
216	216
238	238
262	262
288	288
317	308
308	303
303	303
333	317
317	317
349	320
320	302
302	302
332	280
299	260
269	248
248	232
232	232
255	239
239	239
263	263
289	287
287	279
279	279
307	291
291	291
320	291
291	283
283	280
280	280
308	297
297	297
327	306
306	296
296	293
293	293
322	287
290	262
262	259
259	248
248	228
228	207
207	189
189	186
186	174
174	172
172	163
163	152
152	152
167	147
150	148
148	139
139	139
153	133
138	130
130	124
124	113
113	112
112	109
109	103
103	102
102	99
99	93
93	93
102	94
94	94
103	94
94	94
103	92
93	88
88	88
97	89
89	89
98	98
108	108
119	105
107	101
101	94
94	91
91	88
88	88
97	88
88	88
97	97
107	107
118	116
116	116
128	118
118	118
130	115
117	117
129	129
142	142
156	156
172	172
189	189
208	208
229	229
252	252
277	271
271	271
298	289
289	271
271	271
298	283
283	283
311	271
280	279
279	263
263	234
237	219
219	213
213	212
212	206
206	206
227	227
250	239
239	239
263	238
238	235
235	235
259	251
251	244
244	238
238	238
262	252
252	252
277	262
262	262
288	266
266	257
257	257
283	267
267	247
247	232
232	210
210	202
202	194
194	190
190	181
181	180
180	171
171	152
154	135
139	137
137	132
132	124
124	124
136	126
126	122
122	117
117	108
108	103
103	96
96	93
93	93
102	95
95	93
93	89
89	83
83	83
91	91
100	92
92	90
90	86
86	81
81	78
78	78
86	86
95	95
105	96
96	92
92	90
90	82
82	82
90	82
82	82
90	81
81	81
89	89
98	98
108	108
119	119
131	112
118	107
107	105
105	105
116	116
128	128
141	141
155	155
171	171
188	188
207	207
228	228
251	251
276	268
268	268
295	268
268	263
263	263
289	273
273	273
300	266
270	254
254	229
229	215
215	211
211	202
202	197
197	197
217	217
239	239
263	232
237	227
227	227
250	237
237	237
261	248
248	241
241	229
229	229
252	239
239	239
263	247
247	231
231	231
254	232
232	232
255	246
246	235
235	205
212	198
198	192
192	175
175	167
167	157
157	150
150	150
165	138
149	140
140	130
130	123
123	122
122	116
116	110
110	107
107	104
104	97
97	96
96	85
86	84
84	81
81	78
78	78
86	83
83	81
81	80
80	80
88	75
79	75
75	75
83	76
76	76
84	84
92	92
101	96
96	94
94	85
85	82
82	80
80	75
75	75
83	82
82	79
79	79
87	87
96	96
106	106
117	114
114	104
104	104
114	114
125	125
138	138
152	152
167	167
184	184
202	202
222	222
244	244
268	267
267	267
294	282
282	276
276	275
275	275
303	298
298	291
291	291
320	256
288	238
259	231
233	230
230	218
218	210
210	210
231	231
254	243
243	238
238	238
262	236
236	236
260	250
250	248
248	248
273	248
248	248
273	247
247	247
272	272
299	260
269	264
264	264
290	272
272	264
264	253
253	211
228	197
205	196
196	183
183	167
167	162
162	152
152	150
150	136
136	129
129	129
142	130
130	125
125	122
122	122
134	114
121	116
116	107
107	105
105	104
104	95
95	95
105	91
95	95
105	89
95	93
93	86
86	84
84	81
81	81
89	85
85	80
80	80
88	83
83	82
82	81
81	79
79	79
87	83
83	83
91	91
100	100
110	110
121	121
133	115
120	111
111	110
110	103
103	103
113	107
107	107
118	118
130	130
143	140
140	140
154	154
169	169
186	186
205	205
226	226
249	234
234	231
231	231
254	235
235	235
259	234
234	234
257	249
249	233
233	223
223	217
217	205
205	195
195	182
182	169
169	160
160	160
176	153
158	158
174	149
157	155
155	151
151	149
149	143
143	139
139	139
153	139
139	139
153	140
140	135
135	135
149	141
141	141
155	145
145	145
160	145
145	145
160	154
154	147
147	145
145	145
160	147
147	143
143	136
136	125
125	114
114	110
110	105
105	103
103	103
113	108
108	108
119	104
107	99
99	98
98	94
94	94
103	89
93	86
86	86
95	86
86	80
80	80
88	78
79	78
78	78
86	73
77	72
72	70
70	70
77	71
71	70
70	70
77	71
71	71
78	71
71	71
78	73
73	70
70	70
77	77
85	85
94	94
103	103
113	101
102	100
100	92
92	86
86	86
95	91
91	91
100	100
110	110
121	105
109	108
108	108
119	119
131	131
144	134
134	134
147	132
132	132
145	145
160	147
147	137
137	137
151	133
136	128
128	127
127	115
115	115
127	114
114	111
111	102
102	101
101	98
98	98
108	99
99	99
109	109
120	109
109	108
108	107
107	103
103	103
113	113
124	119
119	119
131	124
124	124
136	127
127	120
120	120
132	126
126	120
120	115
115	108
108	108
119	110
110	103
103	100
100	99
99	96
96	95
95	93
93	93
102	95
95	95
105	95
95	95
105	91
95	90
90	85
85	83
83	83
91	80
82	76
76	76
84	74
76	70
70	70
77	69
69	69
76	69
69	69
76	68
68	68
75	69
69	69
76	70
70	70
77	69
69	69
76	74
74	74
81	73
73	73
80	80
88	88
97	97
107	107
118	118
130	120
120	119
119	119
131	131
144	144
158	158
174	174
191	191
210	210
231	231
254	243
243	241
241	241
265	250
250	250
275	249
249	249
274	254
254	254
279	246
251	222
226	192
203	181
183	178
178	178
196	192
192	192
211	211
232	230
230	222
222	222
244	242
242	242
266	243
243	238
238	238
262	246
246	246
271	246
246	229
229	229
252	227
227	227
250	233
233	222
222	218
218	185
196	177
177	165
165	159
159	154
154	146
146	139
139	139
153	128
138	120
124	115
115	115
127	117
117	115
115	110
110	108
108	102
102	101
101	95
95	89
89	86
86	86
95	87
87	87
96	84
86	86
95	89
89	83
83	79
79	78
78	78
86	80
80	77
77	77
85	85
94	94
103	97
97	89
89	86
86	86
95	85
86	85
85	84
84	79
79	79
87	87
96	96
106	106
117	107
107	103
103	103
113	113
124	124
136	136
150	150
165	165
182	182
200	200
220	220
242	242
266	251
251	251
276	255
255	253
253	253
278	271
271	269
269	269
296	256
266	243
243	217
219	208
208	195
195	184
184	184
202	202
222	222
244	223
223	223
245	219
221	210
210	210
231	231
254	239
239	228
228	228
251	241
241	241
265	244
244	244
268	240
241	238
238	238
262	239
239	239
263	224
237	204
213	181
192	163
173	168
168	159
159	152
152	141
141	141
155	136
140	125
126	123
123	117
117	117
129	118
118	107
107	106
106	99
99	97
97	91
91	91
100	87
90	82
82	82
90	83
83	83
91	79
82	81
81	80
80	80
88	78
79	75
75	74
74	73
73	73
80	77
77	72
72	72
79	69
71	71
78	71
71	71
78	74
74	74
81	70
73	73
80	80
88	88
97	97
107	107
118	99
106	106
117	105
105	105
116	116
128	128
141	141
155	155
171	171
188	188
207	207
228	228
251	240
240	225
225	225
248	235
235	233
233	233
256	238
238	235
235	235
259	199
233	207
210	198
198	198
218	206
206	206
227	197
204	204
224	222
222	210
210	208
208	208
229	224
224	224
246	238
238	218
218	218
240	236
236	236
260	245
245	245
270	230
243	230
230	227
227	226
226	215
215	191
194	180
180	171
171	150
154	154
169	143
152	135
137	134
134	126
126	123
123	116
116	107
107	107
118	104
106	106
117	102
105	88
95	88
88	88
97	87
87	83
83	80
80	80
88	78
79	72
72	72
79	73
73	68
68	68
75	68
68	68
75	68
68	68
75	75
83	83
91	91
100	88
90	81
81	77
77	76
76	76
84	76
76	76
84	74
76	76
84	84
92	92
101	101
111	111
122	98
110	105
105	105
116	116
128	128
141	141
155	155
171	171
188	188
207	207
228	228
251	251
276	264
264	248
248	248
273	272
272	264
264	264
290	270
270	270
297	258
267	223
240	203
216	200
200	181
181	181
199	199
219	213
213	213
234	225
225	225
248	230
230	230
253	232
232	232
255	247
247	240
240	235
235	235
259	248
248	239
239	239
263	234
237	237
261	260
260	252
252	242
242	214
218	205
205	181
185	185
204	184
184	174
174	170
170	154
154	148
148	134
134	131
131	127
127	124
124	124
136	121
122	118
118	110
110	107
107	101
101	94
94	88
88	88
97	92
92	88
88	87
87	86
86	84
84	84
92	83
83	83
91	80
82	79
79	79
87	87
96	96
106	92
95	94
94	89
89	87
87	83
83	83
91	82
82	82
90	82
82	82
90	90
99	99
109	107
107	107
118	104
106	99
99	99
109	109
120	120
132	132
145	145
160	160
176	176
194	194
213	213
234	234
257	257
283	283
311	276
280	280
308	278
278	278
306	291
291	280
280	276
276	229
248	212
223	211
211	208
208	204
204	204
224	224
246	241
241	236
236	236
260	231
234	227
227	227
250	237
237	225
225	225
248	238
238	238
262	249
249	246
246	244
244	235
235	235
259	258
258	250
250	233
233	202
210	191
191	191
210	176
189	185
185	174
174	174
191	165
172	145
155	137
140	128
128	128
141	121
127	118
118	118
130	116
117	108
108	106
106	106
117	100
105	97
97	92
92	90
90	90
99	87
89	81
81	80
80	80
88	80
80	80
88	80
80	76
76	76
84	84
92	92
101	101
111	99
100	93
93	88
88	87
87	87
96	96
106	106
117	111
111	107
107	104
104	103
103	103
113	105
105	104
104	104
114	114
125	125
138	136
136	136
150	150
165	165
182	182
200	200
220	220
242	242
266	266
293	275
275	275
303	287
287	284
284	284
312	282
282	282
310	272
279	259
259	238
238	208
214	203
203	185
185	185
204	177
184	178
178	178
196	174
176	176
194	171
175	174
174	169
169	167
167	157
157	157
173	158
158	158
174	153
157	157
173	162
162	162
178	161
161	161
177	161
161	161
177	164
164	160
160	160
176	158
158	152
152	147
147	142
142	136
136	127
127	123
123	114
114	114
125	113
113	112
112	112
123	104
111	96
100	98
98	93
93	92
92	92
101	90
91	91
100	91
91	84
84	84
92	82
83	83
91	82
82	82
90	80
81	80
80	80
88	82
82	82
90	90
99	94
94	92
92	92
101	93
93	85
85	84
84	81
81	81
89	89
98	98
108	103
103	101
101	95
95	95
105	93
95	95
105	103
103	103
113	112
112	112
123	123
135	131
131	131
144	127
130	130
143	134
134	134
147	142
142	142
156	132
140	140
154	151
151	143
143	142
142	139
139	136
136	136
150	143
143	135
135	129
129	129
142	131
131	127
127	120
120	120
132	112
119	107
107	107
118	108
108	108
119	118
118	117
117	114
114	114
125	125
138	138
152	142
142	132
132	132
145	135
135	135
149	135
135	131
131	127
127	121
121	120
120	115
115	113
113	113
124	116
116	116
128	119
119	115
115	112
112	104
104	100
100	100
110	102
102	95
95	94
94	88
88	88
97	91
91	85
85	85
94	85
85	80
80	79
79	78
78	75
75	75
83	76
76	76
84	84
92	92
101	97
97	90
90	82
82	82
90	84
84	84
92	86
86	86
95	95
105	105
116	105
105	105
116	116
128	104
115	108
108	108
119	119
131	131
144	144
158	158
174	174
191	191
210	210
231	231
254	248
248	248
273	260
260	260
286	286
315	277
284	272
272	272
299	254
269	249
249	222
224	210
210	201
201	194
194	194
213	201
201	196
196	196
216	216
238	233
233	233
256	238
238	231
231	231
254	242
242	239
239	236
236	236
260	249
249	249
274	257
257	252
252	252
277	253
253	248
248	239
239	230
230	203
207	190
190	175
175	175
193	169
174	170
170	157
157	145
145	140
140	131
131	127
127	124
124	117
117	115
115	110
110	106
106	103
103	99
99	99
109	95
98	93
93	91
91	89
89	89
98	86
88	83
83	83
91	87
87	85
85	80
80	80
88	78
79	79
87	87
96	96
106	100
100	92
92	87
87	87
96	82
86	86
95	82
86	86
95	95
105	105
116	106
106	106
117	101
105	97
97	97
107	107
118	118
130	130
143	143
157	157
173	173
190	190
209	209
230	230
253	253
278	278
306	295
295	287
287	287
316	301
301	294
294	294
323	289
291	290
290	246
261	238
238	227
227	214
214	214
235	209
212	212
233	225
225	225
248	221
223	223
245	227
227	227
250	235
235	235
259	237
237	237
261	251
251	251
276	259
259	257
257	257
283	266
266	266
293	263
264	248
248	223
223	200
201	191
191	191
210	182
189	177
177	159
159	159
175	147
158	141
142	132
132	130
130	130
143	127
129	120
120	120
132	117
119	112
112	109
109	106
106	104
104	104
114	97
103	100
100	96
96	96
106	94
95	92
92	91
91	90
90	90
99	86
89	89
98	98
108	108
119	102
107	97
97	94
94	92
92	86
86	86
95	89
89	89
98	90
90	90
99	99
109	109
120	120
132	109
119	108
108	108
119	119
131	131
144	144
158	158
174	174
191	191
210	210
231	231
254	252
252	252
277	265
265	265
292	260
263	255
255	255
281	260
260	259
259	256
256	228
230	209
209	206
206	191
191	189
189	189
208	189
189	189
208	207
207	207
228	228
251	221
226	215
215	215
237	223
223	223
245	215
221	221
243	241
241	241
265	249
249	244
244	241
241	238
238	238
262	245
245	233
233	218
218	204
204	201
201	182
182	169
169	164
164	161
161	160
160	148
148	143
143	134
134	132
132	128
128	122
122	121
121	120
120	112
112	105
105	101
101	101
111	98
100	95
95	95
105	94
95	91
91	91
100	85
90	85
85	85
94	87
87	81
81	81
89	82
82	82
90	90
99	98
98	95
95	91
91	88
88	85
85	85
94	81
85	85
94	80
85	85
94	94
103	103
113	113
124	114
114	102
103	103
113	111
111	111
122	122
134	134
147	147
162	162
178	178
196	196
216	216
238	238
262	249
249	249
274	253
253	253
278	249
250	250
275	255
255	242
242	237
237	207
213	196
196	196
216	187
194	194
213	201
201	201
221	221
243	226
226	226
249	224
224	224
246	232
232	229
229	224
224	219
219	219
241	228
228	224
224	224
246	239
239	239
263	245
245	245
270	250
250	226
226	219
219	204
204	195
195	187
187	184
184	171
171	165
165	151
151	141
141	124
127	127
140	120
126	121
121	118
118	112
112	108
108	102
102	102
112	105
105	103
103	97
97	96
96	96
106	95
95	91
91	91
100	89
90	84
84	80
80	80
88	88
97	80
87	78
78	78
86	86
95	93
93	93
102	89
92	84
84	81
81	79
79	79
87	80
80	80
88	88
97	97
107	107
118	118
130	109
117	105
105	104
104	104
114	114
125	125
138	138
152	152
167	167
184	184
202	202
222	222
244	244
268	268
295	258
266	265
265	265
292	281
281	279
279	279
307	272
276	257
257	234
234	227
227	212
212	195
195	195
215	210
210	210
231	231
254	254
279	247
251	241
241	240
240	217
217	217
239	239
263	241
241	241
265	250
250	247
247	247
272	252
252	238
238	238
262	256
256	237
237	226
226	206
206	188
188	188
207	174
186	163
167	167
184	162
166	156
156	131
140	133
133	130
130	123
123	123
135	118
122	115
115	110
110	103
103	99
99	96
96	96
106	88
95	86
86	86
95	91
91	84
84	83
83	81
81	81
89	80
80	78
78	78
86	75
77	77
85	85
94	94
103	95
95	93
93	86
86	82
82	82
90	90
99	99
109	106
106	106
117	108
108	105
105	99
99	99
109	98
98	98
108	107
107	107
118	118
130	130
143	143
157	157
173	173
190	190
209	209
230	222
222	222
244	217
220	220
242	236
236	236
260	249
249	245
245	245
270	247
247	230
230	230
253	230
230	205
207	187
187	175
175	165
165	161
161	156
156	155
155	155
171	161
161	152
152	152
167	162
162	158
158	158
174	165
165	158
158	158
174	166
166	166
183	183
201	184
184	184
202	187
187	180
180	168
168	168
185	167
167	167
184	166
166	166
183	148
165	136
149	124
134	127
127	118
118	116
116	116
128	115
115	115
127	106
114	97
103	97
97	97
107	95
96	92
92	88
88	88
97	88
88	88
97	87
87	87
96	92
92	87
87	84
84	82
82	74
74	74
81	81
89	89
98	94
94	94
103	88
93	82
84	77
77	76
76	76
84	79
79	79
87	87
96	90
90	90
99	99
109	92
98	87
88	88
97	87
87	87
96	93
93	89
89	89
98	98
108	108
119	110
110	110
121	120
120	120
132	132
145	136
136	136
150	131
135	130
130	124
124	124
136	131
131	131
144	117
130	118
118	115
115	111
111	111
122	110
110	110
121	105
109	104
104	104
114	98
103	103
113	113
124	114
114	108
108	108
119	119
131	115
118	116
116	116
128	128
141	136
136	136
150	138
138	129
129	129
142	138
138	128
128	123
123	114
114	114
125	115
115	111
111	108
108	108
119	106
107	101
101	101
111	101
101	101
111	104
104	99
99	95
95	91
91	91
100	88
90	85
85	85
94	81
85	82
82	80
80	79
79	79
87	79
79	76
76	74
74	74
81	75
75	75
83	83
91	91
100	92
92	85
85	82
82	79
79	79
87	87
96	87
87	84
84	84
92	92
101	101
111	111
122	103
110	97
99	99
109	107
107	107
118	118
130	130
143	143
157	157
173	173
190	190
209	209
230	230
253	253
278	270
270	270
297	265
267	267
294	274
274	274
301	291
291	272
272	255
255	229
230	228
228	226
226	223
223	223
245	242
242	233
233	233
256	252
252	251
251	251
276	258
258	258
284	258
258	258
284	270
270	270
297	282
282	273
273	262
262	262
288	254
259	245
245	227
227	216
216	194
194	181
181	181
199	165
179	148
161	153
153	146
146	134
134	132
132	126
126	123
123	122
122	114
114	113
113	108
108	105
105	98
98	98
108	94
97	87
87	85
85	84
84	83
83	83
91	79
82	81
81	77
77	76
76	76
84	76
76	75
75	69
69	69
76	76
84	84
92	92
101	93
93	87
87	80
80	75
75	75
83	75
75	75
83	78
78	78
86	86
95	95
105	88
95	88
88	88
97	97
107	100
100	100
110	110
121	121
133	133
146	146
161	161
177	160
160	155
155	155
171	169
169	169
186	173
173	173
190	182
182	182
200	175
180	173
173	170
170	168
168	165
165	165
182	162
164	164
180	158
162	162
178	166
166	166
183	167
167	167
184	167
167	165
165	162
162	162
178	154
160	160
176	161
161	161
177	157
159	145
145	140
140	136
136	136
150	142
142	135
135	135
149	132
134	134
147	136
136	136
150	131
135	128
128	120
120	120
132	116
119	109
109	109
120	108
108	106
106	106
117	100
105	93
95	92
92	89
89	89
98	90
90	84
84	84
92	80
83	80
80	79
79	78
78	78
86	81
81	81
89	75
80	76
76	76
84	84
92	92
101	94
94	89
89	86
86	85
85	81
81	77
77	77
85	85
94	86
86	86
95	95
105	105
116	110
110	105
105	100
100	100
110	110
121	121
133	133
146	146
161	161
177	177
195	195
215	215
237	237
261	261
287	280
280	280
308	288
288	288
317	282
285	278
278	278
306	288
288	280
280	267
267	243
243	236
236	215
215	215
237	237
261	244
244	241
241	241
265	264
264	258
258	258
284	259
259	259
285	265
265	262
262	262
288	260
260	256
256	256
282	246
254	247
247	247
272	259
259	244
244	234
234	215
215	215
237	197
213	198
198	172
178	173
173	159
159	153
153	140
140	134
134	133
133	124
124	116
116	111
111	109
109	108
108	102
102	101
101	96
96	96
106	97
97	97
107	92
96	93
93	89
89	86
86	86
95	84
86	86
95	83
86	84
84	81
81	81
89	89
98	98
108	105
105	102
102	97
97	97
107	90
96	88
88	86
86	84
84	84
92	92
101	101
111	111
122	119
119	107
107	107
118	110
110	110
121	121
133	133
146	146
161	161
177	177
195	195
215	215
237	236
236	236
260	260
286	283
283	283
311	264
280	267
267	257
257	257
283	261
261	261
287	247
258	236
236	222
222	211
211	200
200	200
220	212
212	212
233	229
229	229
252	235
235	235
259	238
238	238
262	242
242	242
266	266
293	260
264	254
254	251
251	251
276	250
250	250
275	257
257	250
250	250
275	224
248	213
223	202
202	201
201	179
181	178
178	166
166	160
160	157
157	139
141	124
127	125
125	118
118	112
112	109
109	109
120	107
108	105
105	102
102	102
112	101
101	98
98	92
92	88
88	86
86	85
85	85
94	87
87	84
84	84
92	89
89	84
84	84
92	92
101	101
111	106
106	105
105	96
96	93
93	90
90	90
99	92
92	92
101	94
94	94
103	103
113	113
124	120
120	113
113	113
124	117
117	117
129	129
142	142
156	156
172	172
189	189
208	208
229	229
252	252
277	277
305	284
284	280
280	280
308	296
296	296
326	306
306	292
292	292
321	293
293	254
264	228
238	233
233	230
230	230
253	244
244	244
268	267
267	267
294	255
265	259
259	252
252	252
277	253
253	253
278	257
257	257
283	252
255	244
244	244
268	240
241	94
217	82.71
195	71.43
176	60.14
158	48.86
142	37.57
128	26.29
115	15
104	104
114	114
125	125
138	138
152	152
167	146
150	149
149	132
134	127
127	125
125	118
118	118
130	122
122	122
134	124
124	115
115	108
108	103
103	101
101	101
111	97
100	97
97	95
95	95
105	97
97	95
95	95
105	97
97	97
107	97
97	97
107	107
118	114
114	109
109	109
120	109
109	106
106	106
117	117
129	128
128	123
123	122
122	116
116	112
112	112
123	114
114	114
125	117
117	117
129	129
142	142
156	156
172	172
189	189
208	208
229	225
225	225
248	232
232	232
255	220
230	217
217	216
216	216
238	214
214	214
235	194
212	201
201	190
190	184
184	162
166	166
183	159
165	148
149	146
146	143
143	143
157	155
155	154
154	154
169	147
152	145
145	145
160	139
144	138
138	135
135	135
149	137
137	137
151	139
139	139
153	147
147	139
139	139
153	149
149	149
164	146
148	135
135	132
132	132
145	127
131	126
126	122
122	119
119	114
114	106
106	106
117	105
105	105
116	111
111	109
109	106
106	105
105	102
102	100
100	98
98	94
94	92
92	92
101	90
91	85
85	84
84	84
92	87
87	82
82	80
80	78
78	78
86	86
95	92
92	92
101	92
92	88
88	80
80	80
88	88
97	84
87	86
86	86
95	95
105	105
116	104
104	95
95	95
105	97
97	97
107	98
98	98
108	91
97	94
94	94
103	103
113	113
124	120
120	120
132	130
130	130
143	143
157	156
156	151
151	144
144	144
158	143
143	143
157	144
144	135
135	126
126	126
139	129
129	128
128	123
123	123
135	111
122	110
110	110
121	115
115	115
127	111
114	114
125	125
138	123
124	124
136	136
150	143
143	143
157	145
145	145
160	155
155	144
144	141
141	141
155	146
146	146
161	139
145	131
131	131
144	131
131	127
127	127
140	132
132	125
125	123
123	123
135	131
131	124
124	121
121	115
115	105
105	105
116	104
104	100
100	97
97	96
96	96
106	92
95	93
93	90
90	90
99	88
89	89
98	92
92	90
90	85
85	85
94	94
103	100
100	99
99	93
93	90
90	88
88	88
97	97
107	90
96	96
106	105
105	105
116	111
111	111
122	122
134	123
123	121
121	121
133	133
146	146
161	161
177	177
195	195
215	215
237	237
261	258
258	258
284	265
265	265
292	292
321	288
289	289
318	288
288	282
282	275
275	255
255	242
242	229
229	227
227	217
217	217
239	216
216	213
213	213
234	226
226	226
249	234
234	234
257	239
239	239
263	248
248	244
244	241
241	236
236	236
260	260
286	272
272	263
263	253
253	253
278	254
254	236
236	210
212	192
192	183
183	172
172	161
161	161
177	164
164	150
150	141
141	137
137	133
133	132
132	131
131	127
127	127
140	125
126	121
121	117
117	110
110	105
105	104
104	102
102	100
100	99
99	96
96	96
106	93
95	95
105	92
95	95
105	98
98	93
93	92
92	92
101	101
111	108
108	106
106	102
102	100
100	95
95	95
105	103
103	99
99	95
95	95
105	105
116	116
128	128
141	125
127	127
140	125
126	126
139	139
153	153
168	168
185	185
204	204
224	224
246	246
271	271
298	281
281	280
280	280
308	294
294	283
283	283
311	311
342	303
308	298
298	276
276	244
248	228
228	228
251	233
233	233
256	232
232	232
255	234
234	234
257	257
283	249
255	241
241	241
265	255
255	255
281	236
253	240
240	238
238	238
262	262
288	258
259	259
285	276
276	276
304	268
274	255
255	235
235	215
215	210
210	195
195	181
181	179
179	172
172	165
165	157
157	149
149	140
140	133
133	133
146	129
131	131
144	136
136	129
129	129
142	121
128	116
116	109
109	109
120	103
108	102
102	100
100	100
110	92
99	96
96	96
106	97
97	95
95	95
105	94
95	95
105	105
116	112
112	112
123	107
111	105
105	100
100	100
110	102
102	101
101	101
111	111
122	122
134	131
131	131
144	124
130	121
121	121
133	129
129	129
142	142
156	156
172	172
189	189
208	208
229	229
252	252
277	277
305	305
336	330
330	330
363	342
342	322
322	322
354	325
325	322
322	317
317	294
294	270
270	267
267	245
245	245
270	253
253	253
278	278
306	296
296	296
326	303
303	303
333	298
300	300
330	307
307	304
304	300
300	300
330	305
305	305
336	287
302	278
278	278
306	284
284	264
264	245
245	228
228	228
251	223
226	207
207	197
197	188
188	171
171	160
160	160
176	151
158	144
144	128
130	127
127	124
124	123
123	110
111	104
104	104
114	100
103	98
98	95
95	95
105	94
95	93
93	93
102	92
92	92
101	93
93	93
102	93
93	93
102	94
94	93
93	93
102	102
112	112
123	115
115	110
110	105
105	98
98	98
108	108
119	105
107	106
106	106
117	117
129	125
125	125
138	122
124	118
118	118
130	129
129	129
142	142
156	156
172	172
189	189
208	208
229	229
252	252
277	277
305	296
296	296
326	295
295	295
325	299
299	296
296	295
295	280
280	270
270	245
245	237
237	222
222	216
216	216
238	228
228	228
251	238
238	238
262	251
251	251
276	241
248	248
273	261
261	260
260	245
245	245
270	269
269	269
296	270
270	255
255	255
281	261
261	261
287	268
268	254
254	233
233	213
213	190
192	190
190	182
182	182
200	177
180	166
166	150
150	140
140	128
128	128
141	125
127	127
140	131
131	127
127	120
120	114
114	110
110	104
104	101
101	100
100	96
96	96
106	93
95	93
93	93
102	93
93	92
92	92
101	92
92	89
89	87
87	87
96	96
106	106
117	102
105	98
98	96
96	91
91	91
100	98
98	98
108	93
97	97
107	107
118	118
130	128
128	127
127	120
120	116
116	116
128	128
141	141
155	155
171	171
188	188
207	207
228	228
251	251
276	276
304	295
295	295
325	309
309	309
340	340
374	328
337	319
319	306
306	292
292	287
287	250
258	248
248	247
247	228
228	224
224	224
246	246
271	266
266	260
260	260
286	266
266	266
293	252
264	255
255	254
254	254
279	279
307	269
276	265
265	260
260	253
253	253
278	256
256	254
254	242
242	234
234	223
223	207
207	186
186	186
205	194
194	191
191	187
187	178
178	158
160	151
151	142
142	138
138	135
135	135
149	131
134	124
124	116
116	116
128	110
115	109
109	105
105	105
116	106
106	106
117	104
105	95
95	95
105	102
102	99
99	91
91	91
100	91
91	91
100	100
110	109
109	109
120	103
108	102
102	100
100	100
110	110
121	121
133	121
121	120
120	117
117	117
129	111
116	115
115	115
127	127
140	140
154	154
169	161
161	161
177	177
195	195
215	215
237	228
228	228
251	251
276	260
260	259
259	259
285	265
265	260
260	260
286	267
267	261
261	243
243	231
231	211
211	183
190	172
172	171
171	163
163	152
152	145
145	145
160	151
151	151
166	160
160	151
151	147
147	146
146	146
161	155
155	149
149	140
140	140
154	144
144	144
158	153
153	153
168	162
162	160
160	160
176	168
168	163
163	163
179	179
197	165
177	157
159	144
144	141
141	131
131	130
130	125
125	121
121	121
133	121
121	116
116	113
113	113
124	110
112	105
105	103
103	97
97	96
96	96
106	87
95	92
92	90
90	90
99	88
89	89
98	86
88	83
83	82
82	82
90	90
99	99
109	97
98	98
108	95
97	95
95	94
94	93
93	93
102	92
92	92
101	101
111	110
110	110
121	109
109	108
108	105
105	99
99	99
109	109
120	107
108	108
119	119
131	122
122	115
115	115
127	127
140	138
138	131
131	131
144	137
137	137
151	151
166	153
153	148
148	148
163	135
147	128
132	132
145	127
131	128
128	123
123	114
114	112
112	111
111	111
122	113
113	106
106	102
102	102
112	107
107	101
101	101
111	111
122	118
118	109
109	109
120	120
132	130
130	130
143	143
157	147
147	146
146	144
144	141
141	140
140	128
128	124
124	124
136	130
130	127
127	127
140	129
129	124
124	124
136	119
122	117
117	113
113	103
103	103
113	101
102	96
96	96
106	97
97	95
95	93
93	93
102	91
92	92
101	95
95	93
93	83
84	84
92	85
85	85
94	94
103	103
113	102
102	97
97	93
93	89
89	85
85	85
94	92
92	87
87	87
96	96
106	106
117	113
113	113
124	114
114	114
125	120
120	120
132	132
145	145
160	160
176	176
194	194
213	213
234	234
257	257
283	275
275	275
303	297
297	297
327	307
307	303
303	303
333	310
310	310
341	290
307	258
276	243
248	233
233	233
256	243
243	229
229	229
252	252
277	267
267	263
263	258
258	253
253	253
278	261
261	261
287	260
260	260
286	272
272	270
270	270
297	251
267	253
253	253
278	268
268	262
262	241
241	221
221	207
207	196
196	196
216	196
196	183
183	166
166	160
160	146
146	139
139	135
135	135
149	133
134	129
129	122
122	122
134	113
121	109
109	109
120	107
108	104
104	100
100	100
110	97
99	95
95	95
105	100
100	96
96	94
94	90
90	90
99	88
89	83
83	83
91	91
100	100
110	101
101	98
98	95
95	89
89	89
98	90
90	90
99	90
90	90
99	99
109	109
120	120
132	128
128	114
115	113
113	113
124	124
136	136
150	150
165	165
182	182
200	200
220	220
242	242
266	266
293	293
322	302
302	299
299	299
329	319
319	319
351	323
323	316
316	305
305	294
294	273
273	256
256	243
243	232
232	232
255	248
248	248
273	250
250	250
275	260
260	260
286	265
265	265
292	278
278	278
306	277
277	277
305	289
289	286
286	264
264	259
259	258
258	250
250	246
246	246
271	211
244	185
220	191
198	189
189	171
171	171
188	162
169	153
153	148
148	142
142	138
138	127
127	127
140	126
126	121
121	117
117	114
114	110
110	110
121	107
109	98
98	97
97	97
107	99
99	94
94	88
88	88
97	86
87	84
84	84
92	80
83	83
91	80
82	82
90	90
99	99
109	99
99	94
94	89
89	87
87	87
96	91
91	91
100	86
90	90
99	99
109	109
120	113
113	111
111	108
108	108
119	119
131	131
144	144
158	158
174	174
191	191
210	210
231	231
254	254
279	279
307	301
301	296
296	296
326	315
315	284
284	284
312	312
343	307
309	296
296	285
285	250
257	240
240	240
264	242
242	242
266	247
247	247
272	253
253	253
278	256
256	254
254	254
279	267
267	267
294	264
265	265
292	267
267	257
257	257
283	246
255	249
249	249
274	246
247	243
243	228
228	199
205	196
196	195
195	182
182	173
173	156
156	156
172	150
155	143
143	135
135	135
149	132
134	130
130	113
117	109
109	101
101	98
98	98
108	96
97	96
96	89
89	89
98	88
88	88
97	92
92	90
90	90
99	94
94	91
91	86
86	84
84	84
92	82
83	83
91	91
100	100
110	100
100	95
95	91
91	86
86	86
95	91
91	89
89	89
98	98
108	108
119	118
118	115
115	112
112	105
105	105
116	108
108	108
119	119
131	131
144	144
158	158
174	174
191	191
210	210
231	231
254	254
279	271
271	271
298	277
277	265
265	265
292	290
290	277
277	265
265	238
239	233
233	222
222	222
244	217
220	200
200	200
220	220
242	226
226	226
249	212
224	216
216	216
238	218
218	218
240	226
226	223
223	223
245	245
270	264
264	260
260	257
257	257
283	253
255	240
240	229
229	193
206	206
227	180
204	177
184	169
169	164
164	153
153	149
149	136
136	126
126	124
124	124
136	120
122	112
112	112
123	104
111	104
104	104
114	98
103	89
93	91
91	87
87	87
96	90
90	83
83	83
91	83
83	83
91	78
82	78
78	76
76	76
84	75
76	76
84	84
92	90
90	89
89	83
83	82
82	82
90	81
81	81
89	84
84	79
79	79
87	87
96	96
106	105
105	105
116	110
110	110
121	105
109	109
120	120
132	132
145	145
160	160
176	176
194	194
213	213
234	234
257	257
283	283
311	298
298	298
328	296
296	296
326	322
322	310
310	310
341	274
307	262
276	259
259	233
233	233
256	256
282	279
279	279
307	294
294	292
292	292
321	292
292	284
284	284
312	297
297	285
285	275
275	275
303	285
285	281
281	269
269	267
267	251
251	246
246	239
239	231
231	206
208	198
198	185
185	170
170	166
166	166
183	175
175	155
158	144
144	141
141	141
155	139
140	129
129	129
142	124
128	121
121	108
109	104
104	104
114	98
103	100
100	92
92	89
89	89
98	88
88	83
83	83
91	81
82	82
90	81
81	79
79	78
78	76
76	76
84	84
92	92
101	90
91	88
88	88
97	82
87	84
84	84
92	92
101	101
111	111
122	113
113	99
102	94
94	94
103	103
113	106
106	106
117	117
129	129
142	142
156	156
172	172
189	189
208	208
229	224
224	224
246	246
271	253
253	253
278	264
264	264
290	273
273	262
262	262
288	243
259	238
238	224
224	208
208	190
190	167
171	171
188	173
173	158
158	158
174	154
157	153
153	153
168	156
156	156
172	161
161	156
156	153
153	148
148	148
163	149
149	149
164	164
180	175
175	175
193	175
175	175
193	172
174	174
191	177
177	168
168	168
185	173
173	173
190	151
171	148
154	134
139	133
133	121
121	119
119	116
116	113
113	110
110	110
121	108
109	107
107	100
100	100
110	95
99	98
98	91
91	85
85	83
83	83
91	87
87	82
82	82
90	77
81	76
76	76
84	84
92	92
101	93
93	92
92	89
89	81
81	81
89	80
80	80
88	87
87	85
85	85
94	94
103	103
113	98
102	98
98	97
97	96
96	91
91	91
100	100
110	100
100	100
110	110
121	114
114	110
110	108
108	108
119	119
131	131
144	128
130	127
127	127
140	140
154	154
169	158
158	154
154	151
151	143
143	131
131	128
128	125
125	116
116	116
128	108
115	107
107	106
106	106
117	98
105	101
101	101
111	111
122	110
110	110
121	115
115	115
127	127
140	131
131	131
144	137
137	134
134	134
147	142
142	142
156	140
140	136
136	130
130	130
143	136
136	132
132	125
125	119
119	112
112	112
123	113
113	113
124	116
116	116
128	109
115	106
106	100
100	100
110	96
99	99
109	95
98	94
94	93
93	89
89	87
87	84
84	82
82	81
81	81
89	81
81	77
77	77
85	76
77	75
75	73
73	73
80	76
76	75
75	75
83	76
76	76
84	77
77	77
85	85
94	94
103	103
113	113
124	124
136	112
122	122
134	110
121	121
133	133
146	146
161	161
177	177
195	195
215	215
237	237
261	261
287	269
269	269
296	292
292	292
321	297
297	291
291	291
320	287
288	277
277	252
252	240
240	235
235	231
231	231
254	231
231	231
254	240
240	240
264	238
238	230
230	230
253	239
239	239
263	247
247	247
272	253
253	242
242	242
266	266
293	230
264	236
238	238
262	243
243	225
225	225
248	208
223	201
201	199
199	189
189	170
170	170
187	155
168	156
156	154
154	137
139	133
133	133
146	132
132	132
145	127
131	128
128	120
120	107
108	101
101	96
96	95
95	95
105	96
96	94
94	90
90	86
86	84
84	84
92	84
84	84
92	84
84	81
81	80
80	80
88	88
97	97
107	100
100	94
94	93
93	88
88	88
97	92
92	89
89	89
98	98
108	108
119	113
113	113
124	114
114	106
106	106
117	107
107	107
118	118
130	130
143	143
157	157
173	173
190	190
209	209
230	230
253	253
278	278
306	301
301	283
283	283
311	285
285	285
314	291
291	273
273	257
257	239
239	239
263	231
237	209
213	213
234	215
215	215
237	234
234	234
257	235
235	235
259	253
253	247
247	233
233	233
256	242
242	242
266	259
259	257
257	242
242	242
266	252
252	249
249	241
241	237
237	211
213	192
192	188
188	183
183	174
174	170
170	170
187	173
173	167
167	153
153	148
148	140
140	129
129	124
124	118
118	114
114	109
109	103
103	103
113	104
104	101
101	98
98	98
108	98
98	88
88	88
97	87
87	86
86	86
95	88
88	86
86	86
95	83
86	86
95	95
105	99
99	99
109	93
98	92
92	88
88	88
97	97
107	92
96	88
88	88
97	97
107	107
118	112
112	106
106	106
117	113
113	113
124	124
136	136
150	150
165	165
182	182
200	200
220	220
242	242
266	266
293	292
292	292
321	275
289	287
287	287
316	285
285	285
314	293
293	279
279	257
257	247
247	246
246	241
241	241
265	253
253	253
278	254
254	254
279	263
263	262
262	262
288	272
272	272
299	274
274	267
267	264
264	264
290	274
274	267
267	251
251	248
248	248
273	256
256	245
245	231
231	219
219	211
211	202
202	184
184	179
179	164
164	156
156	140
140	138
138	130
130	129
129	125
125	119
119	119
131	121
121	115
115	104
104	96
96	96
106	103
103	103
113	100
102	97
97	95
95	91
91	91
100	96
96	94
94	91
91	90
90	88
88	82
82	82
90	90
99	99
109	104
104	100
100	98
98	91
91	91
100	90
90	90
99	96
96	96
106	106
117	117
129	122
122	119
119	116
116	112
112	112
123	117
117	117
129	129
142	142
156	156
172	172
189	189
208	208
229	229
252	252
277	277
305	288
288	287
287	287
316	290
290	290
319	269
287	256
258	246
246	225
225	217
217	212
212	202
202	202
222	208
208	208
229	225
225	224
224	222
222	222
244	225
225	225
248	229
229	229
252	232
232	228
228	228
251	239
239	232
232	232
255	252
252	243
243	240
240	231
231	227
227	216
216	216
238	213
214	200
200	187
187	186
186	180
180	168
168	153
153	147
147	137
137	137
151	136
136	127
127	121
121	117
117	108
108	108
119	106
107	103
103	102
102	102
112	100
101	98
98	98
108	102
102	101
101	99
99	96
96	85
86	86
95	83
86	86
95	95
105	105
116	103
104	99
99	99
109	95
98	93
93	90
90	90
99	94
94	93
93	93
102	102
112	112
123	122
122	122
134	118
121	120
120	120
132	132
145	145
160	160
176	176
194	194
213	213
234	234
257	257
283	277
277	277
305	295
295	294
294	294
323	305
305	305
336	317
317	317
349	311
314	271
283	262
262	242
242	237
237	237
261	257
257	251
251	251
276	267
267	261
261	257
257	243
243	243
267	257
257	256
256	256
282	270
270	270
297	279
279	267
267	256
256	256
282	252
254	249
249	233
233	233
256	219
230	198
207	202
202	180
182	182
200	195
195	174
176	167
167	154
154	148
148	140
140	139
139	136
136	133
133	128
128	122
122	122
134	118
121	116
116	115
115	105
105	101
101	98
98	98
108	93
97	95
95	88
88	88
97	92
92	90
90	90
99	89
89	89
98	98
108	108
119	105
107	107
118	103
106	100
100	96
96	96
106	106
117	117
129	114
116	116
128	112
115	103
104	104
114	114
125	114
114	114
125	125
138	137
137	137
151	151
166	166
183	183
201	201
221	221
243	243
267	241
241	241
265	258
258	256
256	253
253	253
278	264
264	260
260	260
286	266
266	241
241	223
223	184
201	174
181	181
199	167
179	155
161	155
155	155
171	152
154	154
169	152
152	150
150	150
165	153
153	153
168	148
151	151
166	153
153	144
144	144
158	157
157	157
173	161
161	161
177	174
174	155
157	157
173	163
163	163
179	157
161	161
177	145
159	132
143	133
133	129
129	117
117	117
129	117
117	116
116	116
128	120
120	113
113	109
109	106
106	100
100	100
110	94
99	93
93	93
102	84
92	87
87	80
80	80
88	79
79	79
87	78
78	78
86	82
82	82
90	90
99	99
109	98
98	91
91	90
90	84
84	84
92	90
90	86
86	86
95	95
105	95
95	95
105	105
116	100
104	97
97	97
107	96
96	96
106	104
104	100
100	100
110	110
121	103
109	109
120	120
132	132
145	141
141	139
139	130
130	130
143	143
157	155
155	155
171	170
170	168
168	150
151	136
136	125
125	125
138	138
152	137
137	125
125	115
115	113
113	113
124	112
112	106
106	106
117	110
110	110
121	116
116	111
111	111
122	107
110	110
121	121
133	124
124	124
136	136
150	148
148	148
163	163
179	162
162	156
156	154
154	137
139	128
128	125
125	123
123	121
121	121
133	120
120	120
132	124
124	120
120	107
108	108
119	105
107	105
105	105
116	102
104	100
100	100
110	98
99	89
89	89
98	81
88	88
97	83
87	87
96	83
86	83
83	82
82	82
90	90
99	99
109	100
100	96
96	96
106	88
95	90
90	90
99	95
95	87
87	87
96	96
106	106
117	117
129	124
124	122
122	119
119	119
131	111
118	118
130	130
143	143
157	157
173	173
190	190
209	209
230	230
253	253
278	259
259	259
285	282
282	282
310	285
285	285
314	304
304	304
334	304
304	266
274	242
247	230
230	230
253	226
228	221
221	221
243	243
267	253
253	253
278	251
251	250
250	249
249	249
274	262
262	240
240	240
264	255
255	254
254	254
279	242
251	239
239	239
263	247
247	231
231	228
228	205
205	200
200	183
183	162
165	154
154	154
169	152
152	145
145	145
160	140
144	135
135	130
130	123
123	118
118	116
116	116
128	116
116	107
107	100
100	95
95	89
89	89
98	88
88	88
97	85
87	84
84	83
83	83
91	85
85	82
82	82
90	80
81	81
89	89
98	98
108	98
98	97
97	94
94	89
89	89
98	92
92	91
91	89
89	89
98	98
108	108
119	117
117	117
129	107
116	106
106	106
117	116
116	116
128	128
141	141
155	155
171	171
188	188
207	207
228	228
251	251
276	276
304	289
289	275
275	275
303	280
280	280
308	285
285	273
273	267
267	239
240	228
228	227
227	210
210	208
208	208
229	220
220	220
242	239
239	237
237	237
261	240
240	240
264	231
238	238
262	241
241	241
265	239
239	239
263	247
247	236
236	236
260	240
240	240
264	231
238	233
233	228
228	210
210	188
189	179
179	167
167	163
163	158
158	158
174	141
157	127
141	129
129	121
121	116
116	114
114	114
125	111
113	100
102	92
92	89
89	88
88	88
97	85
87	83
83	83
91	87
87	79
79	77
77	77
85	79
79	79
87	79
79	78
78	78
86	86
95	95
105	91
95	92
92	91
91	86
86	84
84	84
92	89
89	87
87	85
85	85
94	94
103	103
113	106
106	106
117	105
105	105
116	105
105	105
116	116
128	128
141	141
155	155
171	171
188	188
207	207
228	228
251	251
276	276
304	304
334	324
324	324
356	327
327	327
360	315
324	319
319	273
287	254
258	258
284	240
256	230
230	230
253	253
278	258
258	253
253	250
250	250
275	269
269	266
266	265
265	255
255	255
281	264
264	264
290	267
267	261
261	240
240	237
237	235
235	235
259	238
238	233
233	228
228	205
205	194
194	181
181	164
164	161
161	153
153	147
147	139
139	120
125	125
138	121
124	112
112	112
123	113
113	111
111	103
103	97
97	94
94	90
90	88
88	86
86	85
85	83
83	83
91	82
82	81
81	81
89	81
81	81
89	78
80	77
77	77
85	85
94	94
103	95
95	93
93	90
90	86
86	83
83	83
91	91
100	87
90	87
87	87
96	96
106	106
117	109
109	109
120	112
112	112
123	112
112	112
123	123
135	135
149	149
164	164
180	180
198	198
218	218
240	240
264	264
290	273
273	267
267	267
294	283
283	283
311	290
290	284
284	273
273	231
246	232
232	213
213	201
201	201
221	203
203	203
223	223
245	243
243	243
267	244
244	244
268	248
248	245
245	238
238	238
262	241
241	241
265	241
241	241
265	233
239	239
263	258
258	249
249	239
239	239
263	231
237	211
213	194
194	184
184	174
174	163
163	157
157	155
155	137
140	130
130	130
143	127
129	118
118	114
114	113
113	108
108	102
102	97
97	97
107	98
98	91
91	91
100	82
90	82
82	78
78	76
76	76
84	81
81	79
79	79
87	79
79	79
87	83
83	79
79	74
74	74
81	75
75	74
74	72
72	72
79	72
72	72
79	78
78	77
77	77
85	85
94	94
103	103
113	108
108	108
119	106
107	107
118	118
130	130
143	143
157	157
173	173
190	190
209	209
230	230
253	253
278	277
277	277
305	284
284	270
270	270
297	276
276	276
304	279
279	262
262	249
249	234
234	231
231	212
212	207
207	207
228	228
251	226
226	226
249	228
228	228
251	238
238	238
262	240
240	232
232	223
223	223
245	225
225	225
248	246
246	236
236	226
226	226
249	249
274	242
247	237
237	211
213	212
212	203
203	180
183	183
201	174
181	157
163	154
154	153
153	142
142	129
129	129
142	131
131	128
128	125
125	122
122	113
113	110
110	105
105	101
101	95
95	93
93	93
102	92
92	85
85	85
94	85
85	81
81	81
89	83
83	83
91	79
82	78
78	78
86	79
79	74
74	74
81	74
74	74
81	80
80	80
88	88
97	97
107	107
118	118
130	108
117	106
106	100
100	100
110	102
102	102
112	112
123	123
135	135
149	149
164	164
180	180
198	198
218	218
240	236
236	236
260	239
239	233
233	233
256	248
248	248
273	248
248	248
273	255
255	247
247	239
239	211
215	178
194	172
175	171
171	161
161	149
149	142
142	142
156	148
148	147
147	142
142	128
128	128
141	137
137	129
129	129
142	128
128	128
141	141
155	150
150	150
165	145
149	149
164	152
152	152
167	153
153	153
168	154
154	154
169	156
156	153
153	147
147	146
146	144
144	142
142	133
133	131
131	122
122	122
134	121
121	121
133	109
120	106
108	102
102	102
112	94
101	93
93	90
90	89
89	84
84	84
92	81
83	83
91	82
82	82
90	81
81	78
78	77
77	77
85	85
94	94
103	93
93	92
92	82
83	83
91	81
82	82
90	85
85	85
94	87
87	87
96	96
106	101
101	96
96	96
106	99
99	98
98	98
108	102
102	102
112	111
111	111
122	122
134	128
128	128
141	136
136	127
127	127
140	136
136	136
150	143
143	143
157	157
173	165
165	152
152	152
167	147
150	138
138	136
136	136
150	135
135	134
134	125
125	125
138	128
128	123
123	121
121	121
133	130
130	121
121	121
133	121
121	114
114	114
125	117
117	117
129	129
142	138
138	138
152	143
143	143
157	146
146	131
131	131
144	131
131	123
123	123
135	123
123	117
117	117
129	119
119	117
117	113
113	112
112	109
109	108
108	107
107	98
98	97
97	97
107	89
96	84
86	83
83	83
91	83
83	81
81	77
77	75
75	75
83	72
75	75
83	76
76	73
73	71
71	71
78	73
73	73
80	70
72	72
79	74
74	71
71	70
70	70
77	75
75	75
83	83
91	91
100	100
110	110
121	116
116	104
104	104
114	105
105	105
116	116
128	128
141	141
155	155
171	171
188	188
207	207
228	228
251	243
243	243
267	242
242	242
266	236
239	239
263	245
245	232
232	217
217	205
205	185
185	185
204	182
184	181
181	181
199	192
192	192
211	205
205	195
195	195
215	201
201	201
221	209
209	209
230	218
218	218
240	208
216	215
215	215
237	208
213	211
211	203
203	203
223	213
213	197
197	183
183	169
169	150
152	139
139	133
133	133
146	130
131	125
125	120
120	120
132	124
124	116
116	116
128	113
115	109
109	100
100	99
99	93
93	93
102	94
94	90
90	88
88	82
82	80
80	80
88	78
79	79
87	80
80	77
77	75
75	75
83	71
75	71
71	71
78	71
71	70
70	70
77	73
73	68
68	68
75	72
72	72
79	71
71	71
78	78
86	86
95	95
105	105
116	109
109	103
103	103
113	106
106	106
117	117
129	129
142	142
156	156
172	172
189	189
208	208
229	229
252	252
277	277
305	286
286	286
315	286
286	286
315	309
309	289
289	286
286	248
257	246
246	228
228	228
251	218
226	226
249	240
240	235
235	235
259	248
248	244
244	244
268	244
244	244
268	252
252	245
245	245
270	247
247	247
272	260
260	251
251	251
276	252
252	250
250	237
237	233
233	209
210	197
197	185
185	174
174	170
170	170
187	165
168	163
163	151
151	147
147	131
132	124
124	124
136	120
122	110
110	110
121	105
109	103
103	100
100	96
96	93
93	93
102	95
95	93
93	86
86	86
95	88
88	88
97	88
88	86
86	86
95	82
86	81
81	81
89	75
80	78
78	77
77	77
85	75
77	76
76	76
84	82
82	82
90	80
81	81
89	89
98	98
108	108
119	119
131	115
118	118
130	128
128	128
141	141
155	155
171	171
188	188
207	207
228	228
251	250
250	250
275	246
248	248
273	249
249	249
274	260
260	253
253	241
241	241
265	253
253	227
228	211
211	199
199	191
191	188
188	188
207	204
204	204
224	212
212	212
233	233
256	237
237	228
228	228
251	215
226	215
215	215
237	237
261	224
235	226
226	211
211	211
232	226
226	226
249	210
224	219
219	188
197	195
195	189
189	178
178	157
160	160
176	152
158	149
149	126
134	120
121	121
133	115
120	120
132	111
119	114
114	108
108	103
103	100
100	97
97	91
91	83
83	83
91	86
86	82
82	78
78	78
86	82
82	82
90	83
83	81
81	81
89	76
80	76
76	76
84	84
92	92
101	93
93	90
90	82
82	82
90	86
86	84
84	80
80	80
88	88
97	97
107	107
118	117
117	104
105	105
116	105
105	100
100	100
110	110
121	121
133	133
146	146
161	161
177	177
195	195
215	215
237	237
261	243
243	243
267	257
257	251
251	251
276	270
270	259
259	228
233	224
224	207
207	195
195	186
186	186
205	183
185	185
204	204
224	204
204	204
224	195
202	202
222	212
212	212
233	228
228	222
222	217
217	217
239	219
219	215
215	215
237	224
224	220
220	220
242	235
235	233
233	211
211	191
191	191
210	167
189	171
171	171
188	172
172	154
155	137
140	133
133	130
130	126
126	118
118	114
114	104
104	99
99	94
94	88
88	88
97	92
92	83
83	83
91	82
82	82
90	78
81	80
80	78
78	78
86	81
81	78
78	78
86	77
77	77
85	85
94	94
103	93
93	93
102	89
92	84
84	81
81	81
89	83
83	83
91	84
84	84
92	92
101	101
111	111
122	109
110	107
107	107
118	118
130	130
143	143
157	157
173	173
190	190
209	209
230	230
253	253
278	266
266	266
293	273
273	259
259	259
285	285
314	295
295	295
325	296
296	291
291	256
262	224
236	223
223	212
212	212
233	232
232	232
255	239
239	239
263	256
256	241
241	237
237	237
261	228
235	235
259	231
233	225
225	225
248	234
234	234
257	240
240	239
239	239
263	239
239	239
263	215
237	195
213	199
199	189
189	182
182	172
172	160
160	155
155	138
140	135
135	127
127	123
123	123
135	129
129	122
122	117
117	113
113	105
105	98
98	98
108	93
97	90
90	88
88	88
97	91
91	88
88	83
83	78
78	78
86	86
95	83
86	79
79	78
78	78
86	86
95	95
105	98
98	97
97	94
94	91
91	91
100	100
110	108
108	108
119	118
118	111
111	103
103	97
97	97
107	105
105	105
116	116
128	128
141	136
136	136
150	150
165	163
163	163
179	179
197	197
217	206
206	206
227	227
250	250
275	243
248	240
240	240
264	244
244	241
241	240
240	220
220	215
215	193
194	178
178	172
172	165
165	153
153	152
152	138
138	138
152	143
143	142
142	141
141	141
155	138
140	140
154	132
139	135
135	135
149	129
134	130
130	130
143	133
133	133
146	145
145	145
160	145
145	145
160	154
154	150
150	150
165	155
155	135
140	134
134	122
122	116
116	113
113	113
124	116
116	115
115	107
107	105
105	98
98	98
108	93
97	94
94	90
90	88
88	81
81	80
80	80
88	80
80	79
79	79
87	77
78	77
77	77
85	79
79	76
76	71
71	71
78	78
86	86
95	89
89	85
85	82
82	81
81	78
78	78
86	77
77	77
85	83
83	83
91	89
89	89
98	93
93	91
91	91
100	92
92	92
101	98
98	98
108	108
119	109
109	109
120	113
113	109
109	109
120	120
132	132
145	135
135	135
149	140
140	137
137	137
151	140
140	124
126	126
139	124
125	125
138	121
124	113
113	113
124	101
112	104
104	96
96	96
106	99
99	99
109	109
120	115
115	113
113	110
110	108
108	108
119	117
117	105
105	105
116	110
110	110
121	116
116	114
114	112
112	112
123	115
115	115
127	114
114	113
113	111
111	103
103	103
113	104
104	100
100	100
110	106
106	106
117	104
105	104
104	100
100	99
99	92
92	86
86	84
84	84
92	83
83	83
91	83
83	79
79	77
77	77
85	75
77	76
76	73
73	73
80	75
75	73
73	73
80	80
88	88
97	85
87	82
82	75
75	74
74	74
81	80
80	75
75	75
83	83
91	91
100	100
110	105
105	105
116	106
106	105
105	105
116	116
128	128
141	141
155	155
171	171
188	188
207	207
228	228
251	231
231	222
222	220
220	220
242	242
266	249
249	249
274	257
257	252
252	235
235	222
222	203
203	203
223	186
201	194
194	194
213	206
206	199
199	199
219	211
211	211
232	225
225	222
222	219
219	217
217	211
211	211
232	224
224	224
246	241
241	228
228	228
251	238
238	237
237	236
236	236
260	218
234	196
211	188
190	170
171	171
188	174
174	172
172	149
155	140
140	133
133	133
146	126
131	118
118	110
110	110
121	108
109	105
105	98
98	94
94	89
89	89
98	91
91	91
100	89
90	84
84	84
92	82
83	83
91	82
82	81
81	79
79	78
78	78
86	86
95	95
105	98
98	98
108	90
97	85
87	80
80	80
88	82
82	82
90	83
83	83
91	91
100	100
110	107
107	102
102	102
112	108
108	108
119	119
131	131
144	144
158	158
174	174
191	191
210	210
231	231
254	238
238	231
231	231
254	239
239	239
263	255
255	238
238	233
233	233
256	252
252	218
227	203
204	203
203	181
183	181
181	181
199	199
219	215
215	208
208	208
229	224
224	213
213	213
234	229
229	219
219	219
241	217
217	217
239	225
225	224
224	224
246	234
234	234
257	230
231	223
223	223
245	196
221	199
199	192
192	179
179	167
167	160
160	155
155	154
154	140
140	128
128	128
141	117
127	116
116	106
106	105
105	102
102	101
101	92
92	86
86	82
82	80
80	80
88	80
80	80
88	77
79	72
72	72
79	75
75	74
74	74
81	73
73	71
71	71
78	78
86	86
95	92
92	92
101	85
91	78
82	76
76	76
84	80
80	80
88	83
83	83
91	91
100	100
110	107
107	105
105	102
102	100
100	100
110	110
121	121
133	133
146	146
161	161
177	177
195	195
215	215
237	237
261	239
239	239
263	250
250	250
275	242
248	248
273	253
253	252
252	235
235	218
218	207
207	207
228	199
205	202
202	202
222	204
204	204
224	211
211	211
232	201
209	204
204	204
224	213
213	212
212	209
209	209
230	215
215	213
213	193
193	193
212	199
199	197
197	197
217	209
209	202
202	190
190	169
171	171
188	173
173	153
156	144
144	144
158	138
142	126
128	128
141	126
127	117
117	117
129	111
116	109
109	99
99	98
98	95
95	89
89	86
86	85
85	84
84	82
82	82
90	80
81	76
76	76
84	75
76	73
73	73
80	71
72	72
79	74
74	74
81	81
89	88
88	88
97	88
88	82
82	79
79	79
87	84
84	79
79	79
87	87
96	96
106	104
104	103
103	94
94	94
103	99
99	99
109	109
120	120
132	132
145	145
160	160
176	176
194	194
213	213
234	221
221	221
243	240
240	240
264	241
241	238
238	238
262	252
252	245
245	245
270	222
243	197
219	187
197	191
191	191
210	199
199	199
219	218
218	205
205	205
226	202
203	203
223	203
203	203
223	194
201	192
192	192
211	194
194	194
213	213
234	195
211	192
192	192
211	208
208	195
195	192
192	182
182	182
200	166
180	155
162	155
155	155
171	156
156	156
172	161
161	150
150	146
146	142
142	131
131	131
144	126
130	129
129	123
123	102
111	90
100	85
90	81
81	79
79	78
78	78
86	79
79	79
87	78
78	73
73	73
80	73
73	70
70	69
69	69
76	76
84	84
92	91
91	83
83	79
79	77
77	73
73	73
80	72
72	72
79	75
75	75
83	83
91	91
100	100
110	98
99	94
94	94
103	101
101	101
111	111
122	122
134	134
147	147
162	162
178	178
196	196
216	205
205	204
204	199
199	199
219	219
241	232
232	229
229	219
219	219
241	211
217	200
200	196
196	184
184	180
180	169
169	169
186	186
205	191
191	188
188	188
207	193
193	190
190	186
186	186
205	187
187	183
183	183
201	186
186	186
205	191
191	172
172	172
189	186
186	186
205	174
185	163
167	161
161	153
153	151
151	150
150	144
144	144
158	137
142	125
128	126
126	118
118	107
107	107
118	110
110	104
104	104
114	101
103	97
97	90
90	90
99	89
89	87
87	86
86	81
81	81
89	78
80	78
78	78
86	78
78	78
86	75
77	76
76	76
84	74
76	76
84	84
92	90
90	87
87	85
85	85
94	82
85	85
94	94
103	101
101	101
111	103
103	101
101	95
95	95
105	95
95	95
105	105
116	116
128	128
141	141
155	152
152	152
167	167
184	184
202	201
201	201
221	221
243	227
227	227
250	249
249	249
274	261
261	256
256	250
250	239
239	235
235	235
259	216
233	183
210	176
189	173
173	163
163	163
179	176
176	168
168	168
185	160
167	146
150	150
165	151
151	151
166	145
149	149
164	153
153	153
168	155
155	155
171	154
154	154
169	146
152	149
149	149
164	155
155	155
171	158
158	158
174	156
157	156
156	140
140	140
154	142
142	123
128	122
122	118
118	112
112	111
111	108
108	106
106	104
104	97
97	97
107	87
96	89
89	81
81	81
89	84.2
84	84
92	84.6
85	84.8
85	85
94	82
85	82
82	78
78	76
76	76
84	79
79	77
77	72
72	70
70	70
77	77
85	85
94	83
85	81
81	74
74	74
81	81
89	89
98	96
96	92
92	86
86	84
84	84
92	82
83	83
91	91
100	89
90	90
99	99
109	109
120	120
132	130
130	130
143	121
129	122
122	118
118	118
130	128
128	123
123	123
135	118
122	122
134	123
123	123
135	113
122	102
110	98
99	92
92	86
86	84
84	84
92	80
83	80
80	80
88	83
83	83
91	78
82	76
76	74
74	74
81	77
77	77
85	77
77	76
76	76
84	81
81	81
89	89
98	87
88	86
86	86
95	95
105	105
116	111
111	109
109	103
103	102
102	102
112	98
101	98
98	98
108	105
105	95
95	90
90	89
89	89
98	89
89	87
87	85
85	78
78	78
86	78
78	76
76	75
75	75
83	72
75	73
73	71
71	71
78	72
72	69
69	69
76	70
70	70
77	70
70	70
77	72
72	72
79	79
87	87
96	96
106	103
103	103
113	100
102	97
97	91
91	91
100	81
90	83
83	83
91	91
100	100
110	110
121	121
133	133
146	146
161	161
177	177
195	176
176	176
194	189
189	189
208	191
191	190
190	190
209	174
188	188
207	169
186	178
178	162
162	162
178	171
171	155
155	155
171	151
154	150
150	141
141	140
140	140
154	140
140	135
135	135
149	130
134	134
147	140
140	135
135	135
149	140
140	137
137	137
151	142
142	135
135	128
128	126
126	126
139	121
125	116
116	116
128	120
120	120
132	121
121	120
120	120
132	116
119	118
118	116
116	115
115	109
109	109
120	113
113	109
109	103
103	97
97	95
95	95
105	93
95	94
94	94
103	95
95	92
92	92
101	88
91	86
86	86
95	83
86	84
84	84
92	84
84	84
92	84
84	84
92	92
101	101
111	103
103	103
113	103
103	98
98	97
97	97
107	107
118	118
130	124
124	119
119	111
111	110
110	110
121	121
133	133
146	146
161	161
177	177
195	195
215	215
237	235
235	235
259	259
285	268
268	268
295	269
269	269
296	271
271	267
267	266
266	259
259	237
237	213
213	204
204	199
199	199
219	208
208	208
229	221
221	221
243	241
241	230
230	218
218	215
215	215
237	213
213	213
234	216
216	211
211	211
232	216
216	216
238	205
214	202
202	196
196	196
216	198
198	174
178	156
160	160
176	160
160	151
151	149
149	145
145	142
142	135
135	125
125	121
121	111
111	109
109	106
106	105
105	103
103	98
98	93
93	93
102	90
92	85
85	85
94	88
88	82
82	82
90	78
81	77
77	77
85	80
80	80
88	77
79	77
77	77
85	77
77	72
72	69
69	69
76	76
84	84
92	92
101	91
91	85
85	84
84	80
80	80
88	88
97	97
107	107
118	108
108	103
103	103
113	112
112	112
123	123
135	135
149	149
164	164
180	180
198	198
218	216
216	216
238	218
218	207
207	207
228	228
251	251
276	252
252	251
251	244
244	244
268	225
241	217
217	205
205	205
226	207
207	206
206	206
227	213
213	213
234	208
211	208
208	208
229	218
218	211
211	209
209	209
230	220
220	220
242	220
220	220
242	217
218	218
240	211
216	216
238	209
214	210
210	185
189	177
177	177
195	175
176	172
172	159
159	153
153	153
168	142
151	134
136	133
133	122
122	118
118	111
111	107
107	104
104	99
99	93
93	92
92	92
101	85
91	87
87	86
86	83
83	81
81	75
75	75
83	73
75	74
74	74
81	78
78	78
86	77
77	77
85	77
77	74
74	74
81	81
89	89
98	98
108	94
97	91
91	85
85	85
94	94
103	103
113	109
109	103
103	103
113	99
102	102
112	105
105	105
116	116
128	128
141	141
155	155
171	171
188	188
207	207
228	228
251	228
228	228
251	229
229	229
252	245
245	243
243	243
267	236
240	231
231	214
214	205
205	199
199	195
195	185
185	185
204	204
224	210
210	210
231	202
208	204
204	199
199	199
219	219
241	210
217	209
209	209
230	208
208	208
229	214
214	213
213	202
202	202
222	215
215	194
194	191
191	177
177	176
176	157
158	158
174	151
157	157
173	150
156	151
151	134
136	128
128	118
118	116
116	111
111	110
110	110
121	108
109	97
98	93
93	93
102	90
92	86
86	81
81	81
89	84
84	80
80	78
78	72
72	72
79	71
71	71
78	75
75	75
83	75
75	71
71	71
78	71
71	71
78	78
86	86
95	93
93	93
102	86
92	83
83	81
81	81
89	89
98	98
108	108
119	104
107	105
105	105
116	107
107	107
118	118
130	130
143	143
157	157
173	173
190	190
209	209
230	230
253	234
234	234
257	257
283	253
255	243
243	243
267	258
258	245
245	239
239	225
225	210
210	209
209	206
206	206
227	202
204	204
224	224
246	239
239	233
233	201
210	210
231	223
223	223
245	233
233	225
225	213
213	211
211	199
199	199
219	193
197	197
217	201
201	201
221	203
203	194
194	181
181	169
169	164
164	164
180	161
162	151
151	151
166	142
149	135
135	133
133	128
128	117
117	114
114	112
112	110
110	106
106	102
102	97
97	97
107	95
96	85
86	84
84	80
80	79
79	79
87	75
78	75
75	66
68	68
75	67
68	68
75	71
71	71
78	70
70	70
77	66
69	69
76	76
84	76
76	76
84	84
92	92
101	101
111	103
103	103
113	103
103	96
96	96
106	91
95	95
105	103
103	103
113	113
124	124
136	136
150	150
165	165
182	182
200	195
195	195
215	215
237	226
226	224
224	224
246	225
225	225
248	245
245	245
270	246
246	230
230	222
222	217
217	190
195	176
176	173
173	169
169	149
152	152
167	163
163	152
152	152
167	146
150	138
138	137
137	137
151	141
141	134
134	127
127	125
125	125
138	137
137	136
136	132
132	124
124	124
136	136
150	135
135	135
149	134
134	133
133	133
146	145
145	144
144	129
130	114
117	117
129	109
116	105
105	105
116	103
104	98
98	94
94	90
90	84
84	84
92	86
86	82
82	79
79	78
78	76
76	71
71	71
78	77
77	74
74	72
72	72
79	74
74	74
81	78
78	78
86	78
78	73
73	73
80	80
88	88
97	97
107	87
96	83
86	73
77	77
85	85
94	94
103	91
93	92
92	92
101	97
97	93
93	90
90	90
99	99
109	100
100	100
110	110
121	121
133	122
122	122
134	128
128	127
127	127
140	132
132	132
145	144
144	137
137	137
151	150
150	141
141	136
136	136
150	134
135	127
127	107
114	109
109	108
108	107
107	102
102	102
112	111
111	101
101	94
94	94
103	99
99	99
109	105
105	105
116	107
107	107
118	113
113	108
108	105
105	105
116	116
128	113
115	115
127	119
119	116
116	116
128	122
122	117
117	111
111	111
122	113
113	110
110	107
107	102
102	101
101	99
99	98
98	97
97	96
96	90
90	88
88	85
85	83
83	79
79	79
87	81
81	81
89	75
80	76
76	73
73	71
71	71
78	72
72	72
79	72
72	72
79	73
73	73
80	73
73	73
80	80
88	88
97	88
88	81
81	74
74	74
81	81
89	89
98	98
108	104
104	104
114	107
107	106
106	106
117	117
129	129
142	142
156	156
172	172
189	189
208	208
229	229
252	252
277	276
276	266
266	265
265	265
292	282
282	282
310	303
303	279
279	279
307	251
276	245
248	240
240	226
226	220
220	220
242	239
239	219
219	219
241	241
265	220
239	215
215	215
237	225
225	219
219	219
241	226
226	226
249	230
230	224
224	218
218	218
240	216
216	216
238	217
217	209
209	201
201	188
188	180
180	180
198	172
178	171
171	169
169	159
159	147
147	145
145	134
134	132
132	125
125	118
118	118
130	112
117	112
112	108
108	101
101	94
94	91
91	89
89	89
98	91
91	87
87	86
86	86
95	85
86	86
95	95
105	105
116	108
108	108
119	109
109	105
105	103
103	103
113	113
124	124
136	129
129	115
116	90
104	90
94	94
103	103
113	113
124	115
115	111
111	111
122	104
110	99
99	99
109	109
120	120
132	132
145	145
160	160
176	176
194	194
213	213
234	231
231	231
254	233
233	233
256	236
236	236
260	236
236	236
260	235
235	235
259	230
233	208
210	210
231	197
208	188
188	184
184	184
202	201
201	198
198	198
218	204
204	204
224	207
207	207
228	205
205	203
203	203
223	208
208	208
229	211
211	206
206	206
227	212
212	212
233	209
210	198
198	187
187	169
169	160
160	157
157	153
153	153
168	153
153	139
139	138
138	133
133	126
126	120
120	120
132	109
119	109
109	104
104	99
99	98
98	90
90	89
89	89
98	87
88	86
86	79
79	79
87	79
79	78
78	78
86	78
78	72
72	72
79	75
75	75
83	75
75	75
83	72
75	74
74	74
81	81
89	75
80	72
72	70
70	70
77	77
85	85
94	94
103	103
113	111
111	106
106	106
117	104
105	105
116	116
128	128
141	141
155	155
171	171
188	188
207	207
228	228
251	238
238	238
262	254
254	240
240	240
264	236
238	238
262	234
236	234
234	228
228	200
205	205
226	196
203	185
185	185
204	179
184	184
202	202
222	206
206	206
227	207
207	204
204	204
224	207
207	207
228	208
208	208
229	207
207	206
206	203
203	201
201	197
197	197
217	201
201	201
221	201
201	177
181	165
165	158
158	158
174	155
157	157
173	151
156	134
140	136
136	133
133	124
124	118
118	114
114	110
110	108
108	98
98	91
91	91
100	93
93	88
88	80
80	80
88	87
87	87
96	83
86	83
83	83
91	80
82	81
81	80
80	76
76	76
84	79
79	76
76	76
84	72
76	75
75	75
83	83
91	91
100	86
90	79
81	77
77	77
85	85
94	94
103	103
113	111
111	101
101	101
111	105
105	105
116	116
128	128
141	141
155	155
171	171
188	188
207	207
228	216
216	216
238	209
214	207
207	207
228	228
251	233
233	233
256	227
230	219
219	217
217	214
214	187
193	182
182	167
167	167
184	171
171	171
188	188
207	202
202	202
222	209
209	209
230	199
207	198
198	198
218	209
209	189
189	189
208	193
193	193
212	202
202	193
193	192
192	192
211	192
192	189
189	180
180	164
164	161
161	146
146	139
139	139
153	146
146	134
134	121
121	119
119	109
109	109
120	110
110	108
108	102
102	101
101	92
92	86
86	81
81	80
80	80
88	78
79	76
76	76
84	75
76	75
75	75
83	74
75	71
71	71
78	76
76	75
75	74
74	74
81	71
73	71
71	71
78	78
86	71
77	68
69	69
76	66
68	68
75	75
83	83
91	91
100	100
110	110
121	102
109	107
107	105
105	105
116	116
128	128
141	141
155	155
171	171
188	188
207	207
228	215
215	215
237	221
221	221
243	230
230	230
253	235
235	235
259	256
256	235
235	235
259	232
233	199
210	192
192	178
178	178
196	196
216	210
210	208
208	208
229	218
218	218
240	212
216	215
215	215
237	221
221	214
214	214
235	213
213	213
234	219
219	201
201	201
221	202
202	201
201	201
221	200
200	181
181	181
199	174
179	177
177	157
159	155
155	155
171	147
154	146
146	138
138	132
132	123
123	118
118	118
130	115
117	115
115	108
108	101
101	94
94	94
103	86
93	90
90	89
89	84
84	84
92	80
83	83
91	82
82	77
77	76
76	76
84	80
80	78
78	78
86	74
77	72
72	72
79	79
87	87
96	96
106	106
117	105
105	100
100	100
110	107
107	98
98	98
108	97
97	97
107	97
97	97
107	107
118	118
130	130
143	141
141	141
155	155
171	171
188	188
207	207
228	228
251	232
232	223
223	223
245	241
241	240
240	239
239	239
263	250
250	250
275	251
251	245
245	191
221	187
199	181
181	170
170	160
160	152
152	152
167	158
158	158
174	154
157	152
152	146
146	137
137	130
130	130
143	133
133	132
132	124
124	124
136	135
135	132
132	127
127	127
140	135
135	131
131	131
144	144
158	127
142	132
132	132
145	141
141	135
135	135
149	125
134	118
121	116
116	114
114	114
125	109
113	106
106	105
105	96
96	96
106	94
95	89
89	88
88	88
97	84
87	79
79	79
87	78
78	78
86	81
81	76
76	71
71	71
78	70
70	70
77	75
75	72
72	72
79	79
87	87
96	95
95	86
86	78
78	78
86	78
78	78
86	86
95	92
92	89
89	89
98	98
108	96
97	93
93	93
102	100
100	94
94	94
103	103
113	112
112	112
123	123
135	129
129	129
142	127
128	128
141	141
155	137
140	125
126	126
139	128
128	128
141	134
134	134
147	131
132	132
145	125
131	126
126	118
118	116
116	114
114	111
111	111
122	109
110	110
121	105
109	109
120	113
113	113
124	114
114	113
113	113
124	104
112	110
110	110
121	121
133	118
120	119
119	117
117	117
129	129
142	129
129	123
123	117
117	117
129	118
118	110
110	106
106	106
117	111
111	108
108	108
119	111
111	108
108	103
103	97
97	92
92	91
91	90
90	86
86	86
95	86
86	84
84	84
92	88
88	81
81	81
89	79
80	80
88	84
84	77
77	77
85	79
79	79
87	79
79	79
87	87
96	96
106	92
95	87
87	86
86	86
95	95
105	103
103	103
113	113
124	100
112	103
103	103
113	107
107	107
118	118
130	130
143	143
157	157
173	173
190	190
209	209
230	230
253	239
239	230
230	225
225	225
248	234
234	234
257	257
283	254
255	241
241	221
221	190
199	194
194	178
178	178
196	180
180	180
198	198
218	212
212	210
210	202
202	202
222	210
210	210
231	194
208	192
192	192
211	202
202	202
222	213
213	206
206	200
200	200
220	210
210	204
204	194
194	182
182	170
170	157
157	149
149	142
142	142
156	150
150	147
147	133
133	133
146	127
131	127
127	117
117	116
116	114
114	107
107	99
99	94
94	90
90	85
85	82
82	82
90	83
83	81
81	79
79	79
87	78
78	75
75	73
73	73
80	76
76	75
75	75
83	75
75	74
74	74
81	76
76	76
84	84
92	92
101	91
91	87
87	86
86	86
95	95
105	105
116	103
104	104
114	99
103	103
113	107
107	107
118	118
130	130
143	143
157	157
173	173
190	190
209	209
230	229
229	229
252	251
251	243
243	238
238	238
262	245
245	245
270	257
257	257
283	246
255	222
230	206
207	195
195	193
193	193
212	192
192	192
211	211
232	219
219	214
214	212
212	212
233	204
210	204
204	204
224	212
212	210
210	210
231	228
228	219
219	215
215	213
213	213
234	223
223	202
202	199
199	184
184	170
170	163
163	163
179	156
161	150
150	150
165	128
149	129
134	127
127	114
114	114
125	118
118	110
110	105
105	102
102	99
99	98
98	94
94	89
89	89
98	87
88	84
84	84
92	82
83	78
78	75
75	75
83	75
75	75
83	76
76	75
75	75
83	73
75	72
72	72
79	70
71	71
78	78
86	86
95	87
87	84
84	82
82	82
90	90
99	99
109	97
98	98
108	103
103	103
113	104
104	104
114	114
125	125
138	138
152	152
167	167
184	184
202	202
222	218
218	218
240	240
264	244
244	237
237	237
261	222
235	235
259	259
285	248
257	248
248	218
223	201
201	193
193	179
179	179
197	183
183	183
201	201
221	220
220	215
215	215
237	210
213	196
196	196
216	202
202	202
222	211
211	208
208	208
229	206
206	202
202	202
222	214
214	210
210	209
209	204
204	187
187	167
168	168
185	163
167	160
160	159
159	146
146	141
141	141
155	133
140	118
126	119
119	114
114	114
125	113
113	100
102	94
94	89
89	89
98	88
88	80
80	80
88	79
79	79
87	80
80	75
75	75
83	76
76	76
84	77
77	74
74	74
81	76
76	76
84	75
76	74
74	74
81	81
89	89
98	92
92	87
87	85
85	85
94	88
88	88
97	97
107	105
105	105
116	107
107	107
118	108
108	108
119	119
131	131
144	144
158	158
174	174
191	191
210	210
231	226
226	226
249	239
239	227
227	227
250	232
232	230
230	230
253	245
245	231
231	231
254	218
229	202
206	187
187	181
181	181
199	188
188	188
207	207
228	219
219	218
218	218
240	218
218	218
240	213
216	210
210	208
208	208
229	210
210	210
231	215
215	215
237	214
214	214
235	228
228	228
251	213
226	202
203	181
183	174
174	160
160	160
176	160
160	156
156	143
143	130
130	123
123	123
135	126
126	121
121	121
133	120
120	110
110	103
103	103
113	94
102	96
96	94
94	91
91	86
86	86
95	84
86	84
84	82
82	81
81	81
89	84
84	82
82	80
80	80
88	82
82	82
90	82
82	80
80	80
88	88
97	97
107	94
96	88
88	88
97	86
87	87
96	96
106	106
117	111
111	105
105	105
116	107
107	107
118	118
130	130
143	143
157	157
173	173
190	190
209	209
230	230
253	253
278	244
250	249
249	249
274	266
266	266
293	293
322	299
299	275
275	268
268	249
249	228
228	226
226	206
206	198
198	198
218	218
240	230
230	227
227	227
250	224
225	225
248	226
226	226
249	229
229	215
215	215
237	214
214	214
235	224
224	206
206	204
204	204
224	204
204	204
224	202
202	198
198	192
192	192
211	169
190	162
171	166
166	157
157	145
145	145
160	133
144	122
130	127
127	127
140	126
126	120
120	119
119	112
112	103
103	100
100	97
97	92
92	89
89	85
85	85
94	89
89	85
85	85
94	84
85	80
80	80
88	82
82	81
81	81
89	78
80	80
88	81
81	81
89	89
98	98
108	105
105	105
116	112
112	112
123	110
111	111
122	106
110	100
100	100
110	105
105	105
116	114
114	114
125	125
138	138
152	149
149	149
164	164
180	180
198	198
218	218
240	237
237	235
235	235
259	243
243	243
267	242
242	242
266	245
245	245
270	236
243	242
242	216
218	190
196	176
176	160
160	159
159	147
147	147
162	155
155	153
153	151
151	148
148	144
144	138
138	137
137	125
125	125
138	129
129	129
142	125
128	128
141	131
131	127
127	127
140	130
130	130
143	132
132	132
145	130
131	131
144	140
140	137
137	135
135	126
126	122
122	112
112	112
123	104
111	107
107	107
118	111
111	111
122	109
110	102
102	101
101	96
96	91
91	86
86	86
95	86
86	86
95	85
86	85
85	85
94	81
85	80
80	75
75	75
83	79
79	76
76	76
84	77
77	77
85	85
94	94
103	80
93	74
84	72
76	76
84	84
92	92
101	101
111	93
100	91
91	91
100	100
110	100
100	97
97	92
92	92
101	100
100	100
110	106
106	106
117	107
107	107
118	110
110	110
121	121
133	130
130	130
143	135
135	127
127	124
124	124
136	131
131	131
144	126
130	122
122	122
134	115
121	116
116	112
112	112
123	107
111	106
106	100
100	99
99	99
109	109
120	106
108	99
99	99
109	107
107	105
105	105
116	111
111	109
109	107
107	107
118	110
110	106
106	106
117	117
129	118
118	111
111	111
122	111
111	110
110	109
109	107
107	105
105	105
116	104
104	103
103	101
101	101
111	104
104	103
103	99
99	89
89	89
98	89
89	83
83	81
81	78
78	76
76	75
75	73
73	73
80	72
72	72
79	72
72	72
79	75
75	72
72	72
79	72
72	71
71	71
78	78
86	86
95	90
90	87
87	82
82	82
90	90
99	99
109	107
107	107
118	106
106	102
102	99
99	99
109	109
120	120
132	132
145	145
160	160
176	176
194	194
213	213
234	208
211	211
232	210
210	210
231	218
218	216
216	212
212	212
233	233
256	208
230	188
207	185
186	182
182	175
175	175
193	180
180	179
179	179
197	189
189	189
208	197
197	194
194	194
213	198
198	198
218	210
210	210
231	231
254	225
229	217
217	205
205	193
193	193
212	212
233	198
210	188
189	171
171	159
159	144
144	140
140	140
154	138
139	138
138	128
128	128
141	121
127	120
120	119
119	113
113	103
103	101
101	101
111	99
100	93
93	89
89	88
88	86
86	86
95	83
86	81
81	81
89	84
84	84
92	80
83	80
80	80
88	80
80	80
88	81
81	79
79	78
78	78
86	78
78	78
86	86
95	94
94	94
103	96
96	94
94	87
87	87
96	96
106	106
117	112
112	106
106	106
117	108
108	108
119	119
131	131
144	144
158	158
174	174
191	191
210	205
205	202
202	202
222	222
244	240
240	232
232	232
255	252
252	240
240	240
264	227
238	225
225	202
203	192
192	187
187	174
174	171
171	171
188	185
185	185
204	199
199	199
219	205
205	205
226	206
206	205
205	205
226	201
203	203
223	200
201	201
221	206
206	206
227	204
204	203
203	202
202	202
222	212
212	178
191	173
173	171
171	167
167	159
159	159
175	159
159	143
143	133
133	132
132	125
125	114
114	114
125	110
113	102
102	101
101	101
111	96
100	97
97	92
92	90
90	90
99	85
89	84
84	83
83	83
91	82
82	82
90	80
81	81
89	76
80	77
77	77
85	75
77	77
85	73
77	75
75	75
83	83
91	91
100	88
90	90
99	87
89	80
80	80
88	88
97	97
107	107
118	107
107	105
105	105
116	116
128	128
141	141
155	155
171	167
167	167
184	184
202	192
192	191
191	191
210	210
231	224
224	222
222	216
216	205
205	205
226	226
249	216
224	202
202	192
192	176
176	174
174	173
173	173
190	190
209	198
198	198
218	212
212	212
233	213
213	212
212	210
210	200
200	200
220	206
206	206
227	197
204	204
224	202
202	198
198	196
196	196
216	196
196	192
192	192
211	180
190	153
171	169
169	155
155	140
140	140
154	135
139	127
127	120
120	116
116	103
104	99
99	99
109	103
103	101
101	93
93	92
92	84
84	81
81	76
76	76
84	80
80	79
79	79
87	80
80	77
77	74
74	72
72	72
79	73
73	73
80	75
75	73
73	71
71	71
78	72
72	69
69	69
76	76
84	84
92	91
91	86
86	86
95	79
86	86
95	95
105	100
100	100
110	102
102	102
112	105
105	105
116	116
128	128
141	141
155	155
171	171
188	128
169	92
152	152
167	167
184	184
202	202
222	214
214	214
235	213
213	213
234	228
228	226
226	223
223	215
215	197
197	183
183	174
174	174
191	185
185	185
204	204
224	202
202	199
199	196
196	196
216	204
204	204
224	215
215	209
209	208
208	201
201	201
221	200
200	200
220	195
198	198
218	214
214	212
212	212
233	183
210	157
189	156
170	146
153	153
168	151
151	151
166	146
149	139
139	125
125	122
122	108
110	108
108	105
105	101
101	99
99	95
95	90
90	86
86	86
95	80
86	81
81	81
89	79
80	78
78	78
86	75
77	75
75	75
83	78
78	75
75	75
83	72
75	73
73	73
80	72
72	72
79	79
87	87
96	92
92	92
101	90
91	87
87	81
81	81
89	89
98	98
108	106
106	96
96	96
106	106
117	112
112	112
123	123
135	135
149	149
164	164
180	180
198	189
189	189
208	208
229	229
252	225
227	227
250	233
233	218
218	218
240	235
235	234
234	227
227	206
206	202
202	189
189	180
180	175
175	175
193	193
212	212
233	204
210	207
207	198
198	198
218	191
196	189
189	189
208	196
196	196
216	193
194	194
213	207
207	197
197	197
217	214
214	200
200	183
183	183
201	177
181	154
163	163
179	154
161	157
157	151
151	144
144	135
135	135
149	132
134	120
121	110
110	110
121	118
118	111
111	110
110	95
99	88
89	87
87	84
84	80
80	79
79	76
76	76
84	75
76	76
84	73
76	76
84	73
76	69
69	69
76	72
72	72
79	71
71	69
69	69
76	74
74	74
81	81
89	89
98	98
108	107
107	105
105	105
116	101
104	97
97	97
107	99
99	98
98	98
108	105
105	105
116	111
111	111
122	122
134	134
147	147
162	162
178	178
196	195
195	195
215	215
237	219
219	217
217	213
213	213
234	215
215	215
237	207
213	198
198	198
218	200
200	189
189	166
170	158
158	145
145	140
140	140
154	146
146	131
131	130
130	126
126	118
118	118
130	126
126	121
121	121
133	131
131	126
126	126
139	126
126	126
139	129
129	129
142	122
128	121
121	121
133	123
123	123
135	135
149	134
134	133
133	133
146	125
131	119
119	105
107	98
98	95
95	95
105	99
99	95
95	95
105	91
95	85
86	86
95	85
86	85
85	82
82	77
77	77
85	76
77	76
76	74
74	73
73	69
69	69
76	68
68	68
75	71
71	71
78	67
70	70
77	70
70	70
77	71
71	71
78	68
70	67
67	67
74	74
81	81
89	89
98	95
95	90
90	90
99	88
89	84
84	84
92	91
91	90
90	90
99	98
98	98
108	102
102	102
112	109
109	109
120	120
132	131
131	119
119	117
117	117
129	129
142	123
128	114
115	115
127	126
126	119
119	110
110	109
109	109
120	105
108	100
100	94
94	94
103	102
102	99
99	99
109	93
98	95
95	95
105	98
98	93
93	93
102	95
95	95
105	89
95	93
93	93
102	91
92	92
101	90
91	91
100	99
99	99
109	102
102	100
100	95
95	95
105	105
116	103
104	97
97	95
95	95
105	95
95	89
89	89
98	96
96	90
90	82
82	80
80	80
88	79
79	75
75	75
83	76
76	76
84	74
76	72
72	68
68	68
75	67
68	68
75	72
72	72
79	66
71	66
66	66
73	70
70	70
77	77
85	85
94	86
86	85
85	73
77	77
85	85
94	86
86	86
95	90
90	90
99	94
94	92
92	90
90	90
99	99
109	109
120	120
132	123
123	123
135	125
125	125
138	119
124	124
136	129
129	127
127	127
140	137
137	131
131	131
144	144
158	152
152	145
145	145
160	141
144	139
139	128
128	127
127	124
124	124
136	120
122	116
116	106
106	106
117	106
106	106
117	115
115	113
113	107
107	106
106	106
117	107
107	107
118	111
111	108
108	108
119	117
117	107
107	107
118	112
112	112
123	114
114	109
109	109
120	104
108	105
105	103
103	101
101	101
111	104
104	102
102	98
98	92
92	89
89	86
86	82
82	82
90	78
81	76
76	74
74	73
73	73
80	73
73	68
68	68
75	66
68	68
75	68
68	68
75	70
70	66
66	65
65	65
72	66
66	66
73	73
80	80
88	86
86	86
95	84
86	76
77	77
85	85
94	91
91	91
100	100
110	96
99	99
109	98
98	91
91	91
100	100
110	110
121	121
133	133
146	146
161	161
177	177
195	192
192	192
211	211
232	205
209	207
207	207
228	228
251	216
226	211
211	211
232	186
209	166
188	169
169	166
166	166
183	167
167	167
184	184
202	189
189	189
208	185
187	187
206	189
189	189
208	197
197	197
217	200
200	189
189	189
208	196
196	182
182	182
200	175
180	180
198	180
180	179
179	167
167	161
161	148
148	145
145	135
135	128
128	124
124	116
116	110
110	102
102	102
112	101
101	100
100	96
96	95
95	94
94	91
91	90
90	89
89	77
80	75
75	75
83	75
75	75
83	72
75	73
73	73
80	72
72	72
79	68
71	71
78	69
70	70
77	69
69	68
68	68
75	69
69	69
76	76
84	84
92	91
91	88
88	83
83	80
80	80
88	88
97	97
107	101
101	98
98	98
108	106
106	97
97	97
107	107
118	118
130	130
143	143
157	157
173	173
190	190
209	202
202	202
222	213
213	213
234	230
230	219
219	212
212	212
233	227
227	220
220	196
198	181
181	170
170	170
187	180
180	180
198	198
218	210
210	209
209	208
208	205
205	202
202	202
222	212
212	198
198	196
196	196
216	202
202	195
195	195
215	198
198	198
218	202
202	202
222	201
201	184
184	173
173	169
169	163
163	163
179	161
161	150
150	138
138	132
132	117
119	103
107	107
118	110
110	101
101	100
100	95
95	91
91	89
89	84
84	79
79	76
76	76
84	79
79	78
78	72
72	70
70	70
77	72
72	72
79	70
71	69
69	66
66	66
73	67
67	67
74	68
68	67
67	67
74	74
81	81
89	89
98	90
90	87
87	79
79	79
87	87
96	92
92	92
101	101
111	92
100	96
96	96
106	106
117	117
129	126
126	126
139	139
153	153
168	168
185	173
173	173
190	190
209	197
197	197
217	210
210	210
231	222
222	214
214	214
235	214
214	201
201	201
221	189
199	182
182	167
167	165
165	165
182	182
200	188
188	188
207	189
189	189
208	203
203	192
192	184
184	184
202	188
188	188
207	187
187	187
206	197
197	197
217	187
195	191
191	191
210	194
194	182
182	163
164	161
161	149
149	149
164	150
150	143
143	126
129	127
127	124
124	116
116	116
128	102
115	102
104	101
101	100
100	98
98	90
90	83
83	83
91	79
82	78
78	74
74	74
81	72
73	73
80	75
75	73
73	70
70	67
67	67
74	67
67	66
66	66
73	62
66	63
63	63
69	67
67	67
74	74
81	81
89	89
98	84
88	78
79	77
77	77
85	85
94	94
103	96
96	94
94	94
103	101
101	101
111	111
122	122
134	129
129	129
142	142
156	156
172	172
189	179
179	179
197	197
217	211
211	211
232	227
227	226
226	226
249	238
238	236
236	230
230	208
208	180
187	181
181	174
174	173
173	173
190	190
209	204
204	200
200	200
220	210
210	203
203	194
194	189
189	189
208	200
200	188
188	188
207	200
200	199
199	196
196	192
192	192
211	199
199	179
179	179
197	165
177	159
159	156
156	156
172	154
155	151
151	145
145	145
160	132
144	119
130	122
122	105
110	99
99	99
109	100
100	100
110	99
99	96
96	90
90	87
87	80
80	79
79	79
87	83
83	78
78	76
76	74
74	73
73	73
80	74
74	70
70	69
69	68
68	68
75	67
68	68
75	75
83	83
91	89
89	89
98	98
108	102
102	102
112	102
102	102
112	93
101	87
91	89
89	89
98	98
108	98
98	98
108	108
119	119
131	131
144	144
158	158
174	174
191	191
210	210
231	226
226	226
249	198
224	210
210	209
209	209
230	227
227	227
250	223
225	213
213	197
197	193
193	163
174	155
157	156
156	147
147	145
145	141
141	130
130	130
143	127
129	129
142	134
134	121
121	121
133	123
123	123
135	122
122	122
134	111
121	113
113	113
124	122
122	110
110	110
121	120
120	115
115	115
127	124
124	124
136	123
123	123
135	109
122	110
110	106
106	103
103	101
101	96
96	93
93	93
102	90
92	91
91	87
87	85
85	82
